index,fcs_loc,radius,AR,tdivc_scale,N_eng,HTR_f,Vspec,fcs_fuselage_location,CDS,WMTO,Vol_wing,PFEI,seats_abreast,Vol_nacelle,y_centroid_wing,L_fuse,y_centroid_nacelles,span
"(1, 1, 1, 1, 1, 1, 1, 1)",wing,2.54,10.1,1.0,2,0.2,500000.0,0.0,4.72827276230689,757463.0418245126,23.689476496949965,1.0117314473265842,7,0.33905483822427224,8.159894556595587,25.14600000000001,5.029370308085,35.29382672340351
"(1, 1, 1, 2, 1, 1, 1, 1)",wing,2.54,10.1,0.7763157894736842,2,0.2,200000.0,0.0,4.910263518922765,840294.7331324185,19.67706593303807,1.0461936727105914,7,0.35853400659801243,8.560011368548837,25.14600000000001,5.2955958911356085,37.162076429021816
"(1, 1, 1, 3, 1, 1, 1, 1)",wing,2.54,10.1,0.8026315789473685,2,0.2,200000.0,0.0,4.8510674443329975,823275.8304261272,20.0304473815053,1.033282963425243,7,0.35219038644735384,8.47937246546218,25.14600000000001,5.241941212428142,36.78555236791679
"(1, 1, 1, 4, 1, 1, 1, 1)",wing,2.54,10.1,0.8289473684210527,2,0.2,200000.0,0.0,4.801482742362337,808713.1728365624,20.413149359196446,1.0225844702727587,7,0.34690499960599525,8.409705467051593,25.14600000000001,5.195586906092694,36.46025899012417
"(1, 1, 1, 5, 1, 1, 1, 1)",wing,2.54,10.1,0.8552631578947368,2,0.2,200000.0,0.0,4.760903099635512,796227.3331522535,20.8231679665927,1.0140083698206348,7,0.3425975900828837,8.349478552990176,25.14600000000001,5.155513745374785,36.17904382719148
"(1, 1, 1, 6, 1, 1, 1, 1)",wing,2.54,10.1,0.881578947368421,2,0.2,200000.0,0.0,4.7292726442265245,785559.7945935796,21.260747784238887,1.0075839421939223,7,0.33924961367674783,8.29766248856906,25.14600000000001,5.121036908736612,35.93710111394114
"(1, 1, 1, 7, 1, 1, 1, 1)",wing,2.54,10.1,0.9078947368421053,2,0.2,200000.0,0.0,4.707381785263597,776562.627163647,21.728896638009473,1.003491589800225,7,0.33693382683785933,8.253711672690825,25.14600000000001,5.091793369767047,35.73188329661086
"(1, 1, 1, 8, 1, 1, 1, 1)",wing,2.54,10.1,0.9342105263157895,2,0.2,200000.0,0.0,4.696731483405696,769170.5060368552,22.23302980691815,1.0020321317606344,7,0.3357994206457835,8.217448239741588,25.14600000000001,5.067664782084869,35.562559874279785
"(1, 1, 1, 9, 1, 1, 1, 1)",wing,2.54,10.1,0.9605263157894737,2,0.2,200000.0,0.0,4.698939834046034,763353.6435239164,22.779540827325086,1.003531247241611,7,0.33601099777965887,8.1888421715487,25.14600000000001,5.048631172509057,35.42899068427409
"(1, 1, 1, 10, 1, 1, 1, 1)",wing,2.54,10.1,0.9868421052631579,2,0.2,200000.0,0.0,4.71499101065174,759064.0408231352,23.373666839860064,1.0082025836804924,7,0.33767204668186235,8.16774740332954,25.14600000000001,5.034595353966348,35.33049371204455
"(1, 1, 1, 11, 1, 1, 1, 1)",wing,2.54,10.1,1.013157894736842,2,0.2,200000.0,0.0,4.745109312253519,756214.5840824242,24.018442523620493,1.0160715152457807,7,0.3408129485814879,8.153796609893837,25.14600000000001,5.025312919423525,35.26535382051597
"(1, 1, 1, 12, 1, 1, 1, 1)",wing,2.54,10.1,1.0394736842105263,2,0.2,200000.0,0.0,4.789785921410377,754771.3241938251,24.718949810623712,1.0273118677555144,7,0.3454989752072169,8.146862647722612,25.14600000000001,5.020699271441893,35.232977343451886
"(1, 1, 2, 1, 1, 1, 1, 1)",wing,2.54,6.631578947368421,0.75,2,0.2,200000.0,0.0,5.328476932138838,746014.1662521187,22.210861189592748,1.1178516667493408,7,0.4036880673460204,6.678960815068883,25.14600000000001,4.044001943100307,28.378961004212684
"(1, 1, 2, 2, 1, 1, 1, 1)",wing,2.54,6.631578947368421,0.7763157894736842,2,0.2,200000.0,0.0,5.308221992174735,740479.7314668489,22.878054711689167,1.1134704206958774,7,0.401425916768701,6.656499151072734,25.14600000000001,4.029056633593142,28.274081639250124
"(1, 1, 2, 3, 1, 1, 1, 1)",wing,2.54,6.631578947368421,0.8026315789473685,2,0.2,200000.0,0.0,5.2905801338580245,735535.3514065368,23.548895714667257,1.1097632812848028,7,0.3994586583358162,6.636356129912607,25.14600000000001,4.015654078657805,28.180028622160037
"(1, 1, 2, 4, 1, 1, 1, 1)",wing,2.54,6.631578947368421,0.8289473684210527,2,0.2,200000.0,0.0,5.275789718207097,731142.147336999,24.225217687082946,1.1068099372603915,7,0.39781102846128374,6.618399182760609,25.14600000000001,4.003706071019705,28.096182954524245
"(1, 1, 2, 5, 1, 1, 1, 1)",wing,2.54,6.631578947368421,0.8552631578947368,2,0.2,200000.0,0.0,5.264765778997611,727316.3435722385,24.9112676515193,1.1048549159804169,7,0.3965826044759157,6.602720686559079,25.14600000000001,3.9932740754926166,28.02297596836924
"(1, 1, 2, 6, 1, 1, 1, 1)",wing,2.54,6.631578947368421,0.881578947368421,2,0.2,200000.0,0.0,5.258546655928272,724088.1211016336,25.612021767308505,1.1041689132290167,7,0.39588655414657303,6.589468973254305,25.14600000000001,3.984456787651698,27.961100264222445
"(1, 1, 2, 7, 1, 1, 1, 1)",wing,2.54,6.631578947368421,0.9078947368421053,2,0.2,200000.0,0.0,5.258679164842135,721516.5534476653,26.334120662138645,1.105093102027815,7,0.3958924825643093,6.578909540427724,25.14600000000001,3.977430861529731,27.91179551950689
"(1, 1, 2, 8, 1, 1, 1, 1)",wing,2.54,6.631578947368421,0.9342105263157895,2,0.2,200000.0,0.0,5.267207596644339,719687.9195623242,27.086039216538392,1.1080396195456388,7,0.3968260392350362,6.571418149942603,25.14600000000001,3.9724463176660905,27.876816264323445
"(1, 1, 2, 9, 1, 1, 1, 1)",wing,2.54,6.631578947368421,0.9605263157894737,2,0.2,200000.0,0.0,5.286192371793699,718692.5196860271,27.877023894622752,1.1134273402411192,7,0.39891719240211226,6.56738420201573,25.14600000000001,3.969762251146653,27.857980709801076
"(1, 1, 2, 10, 1, 1, 1, 1)",wing,2.54,6.631578947368421,0.9868421052631579,2,0.2,200000.0,0.0,5.317000260918131,718587.2913490557,28.714960997951184,1.1215598925427817,7,0.4023235814462796,6.567053476066705,25.14600000000001,3.9695421961377693,27.856436464124698
"(1, 1, 2, 11, 1, 1, 1, 1)",wing,2.54,6.631578947368421,1.013157894736842,2,0.2,200000.0,0.0,5.360196405110569,719381.167812696,29.60524231444476,1.1325527936467894,7,0.407119214107017,6.570465587638309,25.14600000000001,3.9718125116192637,27.87236850259133
"(1, 1, 2, 12, 1, 1, 1, 1)",wing,2.54,6.631578947368421,1.0394736842105263,2,0.2,200000.0,0.0,5.416507064090721,721102.3478188154,30.55457526151482,1.1465945100052417,7,0.413401671984473,6.577732280218387,25.14600000000001,3.9766475483165147,27.906298584677298
"(1, 1, 3, 1, 1, 1, 1, 1)",wing,2.54,7.2631578947368425,0.75,2,0.2,200000.0,0.0,5.159837538219649,753398.4118835026,21.099263233691122,1.0860272953269283,7,0.38516238188939916,6.993146578560467,25.14600000000001,4.253051614528561,29.845976242305692
"(1, 1, 3, 2, 1, 1, 1, 1)",wing,2.54,7.2631578947368425,0.7763157894736842,2,0.2,200000.0,0.0,5.1349747890664235,746556.3959059435,21.70981612106842,1.0806371442488423,7,0.38242945687405616,6.964212986614945,25.14600000000001,4.233800080588154,29.71087775851337
"(1, 1, 3, 3, 1, 1, 1, 1)",wing,2.54,7.2631578947368425,0.8026315789473685,2,0.2,200000.0,0.0,5.113368908423033,740477.1256092212,22.325376758178393,1.0760595564599347,7,0.380059384020893,6.938388212289634,25.14600000000001,4.216617059539017,29.590295154659767
"(1, 1, 3, 4, 1, 1, 1, 1)",wing,2.54,7.2631578947368425,0.8289473684210527,2,0.2,200000.0,0.0,5.095142492025117,735091.6579464257,22.947430914210756,1.0723487704509682,7,0.3780629992438506,6.915419419482299,25.14600000000001,4.201334321912348,29.483047873069108
"(1, 1, 3, 5, 1, 1, 1, 1)",wing,2.54,7.2631578947368425,0.8552631578947368,2,0.2,200000.0,0.0,5.081129844298358,730394.3983987431,23.57988527556605,1.0697309600635292,7,0.3765287170301142,6.895320777265663,25.14600000000001,4.1879612953790994,29.38920207283579
"(1, 1, 3, 6, 1, 1, 1, 1)",wing,2.54,7.2631578947368425,0.881578947368421,2,0.2,200000.0,0.0,5.072310044380551,726398.4602812723,24.227384948643397,1.0684617781085282,7,0.3755606345277262,6.878183129161958,25.14600000000001,4.176558424461849,29.309181926048062
"(1, 1, 3, 7, 1, 1, 1, 1)",wing,2.54,7.2631578947368425,0.9078947368421053,2,0.2,200000.0,0.0,5.070184443771848,723150.4763239602,24.896239108612814,1.0688738709073364,7,0.3753198807371334,6.864238085693917,25.14600000000001,4.1672798157729956,29.244068882617515
"(1, 1, 3, 8, 1, 1, 1, 1)",wing,2.54,7.2631578947368425,0.9342105263157895,2,0.2,200000.0,0.0,5.07674662027798,720725.9049551913,25.594472102744447,1.0713676896777786,7,0.3760220457951168,6.853838587640684,25.14600000000001,4.160360305395164,29.195510915053784
"(1, 1, 3, 9, 1, 1, 1, 1)",wing,2.54,7.2631578947368425,0.9605263157894737,2,0.2,200000.0,0.0,5.094011783023162,719206.4078863988,26.330869820512387,1.0763539160259388,7,0.37788766298114607,6.847360516853564,25.14600000000001,4.156049993704123,29.165263113713145
"(1, 1, 3, 10, 1, 1, 1, 1)",wing,2.54,7.2631578947368425,0.9868421052631579,2,0.2,200000.0,0.0,5.123294196116878,718639.8213663752,27.112838351677027,1.0841244330283866,7,0.38106557256638474,6.8450265480701225,25.14600000000001,4.154497041712027,29.15436520499668
"(1, 1, 3, 11, 1, 1, 1, 1)",wing,2.54,7.2631578947368425,1.013157894736842,2,0.2,200000.0,0.0,5.165118528858583,719028.3052224991,27.94549318551197,1.0947944489804053,7,0.38562404598538386,6.846852936634757,25.14600000000001,4.155712265231686,29.162893089345168
"(1, 1, 3, 12, 1, 1, 1, 1)",wing,2.54,7.2631578947368425,1.0394736842105263,2,0.2,200000.0,0.0,5.220149000204939,720390.5889963338,28.83498062374921,1.1085325684355216,7,0.39165230742065105,6.852918670120462,25.14600000000001,4.159748220196883,29.19121558032901
"(1, 1, 4, 1, 1, 1, 1, 1)",wing,2.54,7.894736842105263,0.75,2,0.2,200000.0,0.0,5.045114448530099,766182.4654114065,20.289124966216974,1.0651255297883309,7,0.3727528366059084,7.3213872981680295,25.14600000000001,4.471453027185732,31.37861773463672
"(1, 1, 4, 2, 1, 1, 1, 1)",wing,2.54,7.894736842105263,0.7763157894736842,2,0.2,200000.0,0.0,5.014384012828841,757663.908314797,20.846566545980913,1.0584442468687678,7,0.3694126100237052,7.28412134922257,25.14600000000001,4.446657395786224,31.20461330376298
"(1, 1, 4, 3, 1, 1, 1, 1)",wing,2.54,7.894736842105263,0.8026315789473685,2,0.2,200000.0,0.0,4.987786785687588,750146.8566432534,21.411277652474563,1.0527639258428416,7,0.36652929898478226,7.251056821690699,25.14600000000001,4.42465726268136,31.050226404781476
"(1, 1, 4, 4, 1, 1, 1, 1)",wing,2.54,7.894736842105263,0.8289473684210527,2,0.2,200000.0,0.0,4.965267326144936,743516.7778488835,21.98418468428656,1.048099547517911,7,0.3640930918178684,7.221753339371021,25.14600000000001,4.405159614912236,30.913400806401658
"(1, 1, 4, 5, 1, 1, 1, 1)",wing,2.54,7.894736842105263,0.8552631578947368,2,0.2,200000.0,0.0,4.947529657119703,737735.054582668,22.568715986395347,1.0446484518939854,7,0.36217618246805333,7.196096747971885,25.14600000000001,4.388088497677791,30.793603492475732
"(1, 1, 4, 6, 1, 1, 1, 1)",wing,2.54,7.894736842105263,0.881578947368421,2,0.2,200000.0,0.0,4.935456982696227,732789.580513655,23.16910300286716,1.0426445247917544,7,0.36087011498246585,7.174083236232501,25.14600000000001,4.373441375080769,30.69081666723347
"(1, 1, 4, 7, 1, 1, 1, 1)",wing,2.54,7.894736842105263,0.9078947368421053,2,0.2,200000.0,0.0,4.930479235614079,728708.0191464423,23.791260107343,1.0424043611510014,7,0.36032538379976486,7.155880356036416,25.14600000000001,4.36132973105925,30.6058226741
"(1, 1, 4, 8, 1, 1, 1, 1)",wing,2.54,7.894736842105263,0.9342105263157895,2,0.2,200000.0,0.0,4.934534478393242,725551.8749031354,24.442828044284834,1.044318660706234,7,0.3607479441121926,7.141802014454957,25.14600000000001,4.351962429851353,30.54008722702704
"(1, 1, 4, 9, 1, 1, 1, 1)",wing,2.54,7.894736842105263,0.9605263157894737,2,0.2,200000.0,0.0,4.949585444715392,723390.7623255813,25.132160616023427,1.0487869316482308,7,0.362348988031519,7.132193274010131,25.14600000000001,4.345569065586507,30.49522151288777
"(1, 1, 4, 10, 1, 1, 1, 1)",wing,2.54,7.894736842105263,0.9868421052631579,2,0.2,200000.0,0.0,4.976897008993627,722261.4851885743,25.866264361002163,1.0560909180273028,7,0.3652694840295287,7.127243346459063,25.14600000000001,4.3422755340252905,30.472109010703797
"(1, 1, 4, 11, 1, 1, 1, 1)",wing,2.54,7.894736842105263,1.013157894736842,2,0.2,200000.0,0.0,5.016948236997347,722155.8695079118,26.649923032022492,1.0663372141458662,7,0.36957155412142334,7.126928365177079,25.14600000000001,4.3420659550400025,30.470638280982477
"(1, 1, 4, 12, 1, 1, 1, 1)",wing,2.54,7.894736842105263,1.0394736842105263,2,0.2,200000.0,0.0,5.07035763589396,723083.6028851662,27.488896510023828,1.0796838761366756,7,0.37533819624776105,7.131294221891518,25.14600000000001,4.344970863593188,30.491023604162727
"(1, 1, 5, 1, 1, 1, 1, 1)",wing,2.54,8.526315789473685,0.75,2,0.2,200000.0,0.0,4.97600668188499,784628.5760746346,19.734292925861332,1.0535641095663826,7,0.3653787186549708,7.668280558721423,25.14600000000001,4.7022652744800135,32.99835280336852
"(1, 1, 5, 2, 1, 1, 1, 1)",wing,2.54,8.526315789473685,0.7763157894736842,2,0.2,200000.0,0.0,4.937530564967066,773892.2220821044,20.236202971616027,1.045173681815064,7,0.3612259082885423,7.620009744521304,25.14600000000001,4.670147339739856,32.772963787648116
"(1, 1, 5, 3, 1, 1, 1, 1)",wing,2.54,8.526315789473685,0.8026315789473685,2,0.2,200000.0,0.0,4.9044362554103325,764500.3526683685,20.749258013587276,1.0380525288012699,7,0.35766620086303436,7.577502977062497,25.14600000000001,4.641864626761428,32.57448860885213
"(1, 1, 5, 4, 1, 1, 1, 1)",wing,2.54,8.526315789473685,0.8289473684210527,2,0.2,200000.0,0.0,4.876393082686059,756267.6024943667,21.273446614361717,1.0321564421004512,7,0.35465815089076047,7.540024354093947,25.14600000000001,4.616927488521654,32.39949114752038
"(1, 1, 5, 5, 1, 1, 1, 1)",wing,2.54,8.526315789473685,0.8552631578947368,2,0.2,200000.0,0.0,4.853901991826713,749104.1645349142,21.811457804224965,1.0276382186464093,7,0.35224996988500884,7.507251922322074,25.14600000000001,4.59512170707033,32.24646811979179
"(1, 1, 5, 6, 1, 1, 1, 1)",wing,2.54,8.526315789473685,0.881578947368421,2,0.2,200000.0,0.0,4.837725753994493,742966.204563425,22.367225973598273,1.0247061527927295,7,0.35051814344747606,7.479059177211528,25.14600000000001,4.576363110129071,32.114828843011026
"(1, 1, 5, 7, 1, 1, 1, 1)",wing,2.54,8.526315789473685,0.9078947368421053,2,0.2,200000.0,0.0,4.82919364704308,737854.3883769538,22.946258160355328,1.0236540332951978,7,0.3495997628276242,7.45551319170933,25.14600000000001,4.560696326001151,32.00488649825369
"(1, 1, 5, 8, 1, 1, 1, 1)",wing,2.54,8.526315789473685,0.9342105263157895,2,0.2,200000.0,0.0,4.830123383842629,733799.0410834615,23.555310728051886,1.0248473781088905,7,0.3496848523547392,7.436809378150881,25.14600000000001,4.548251376123738,31.91755351665781
"(1, 1, 5, 9, 1, 1, 1, 1)",wing,2.54,8.526315789473685,0.9605263157894737,2,0.2,200000.0,0.0,4.842413488625857,730852.9334048384,24.202301909478862,1.0286713684776714,7,0.35097464381858284,7.423238731695117,25.14600000000001,4.539221879843832,31.854188630483037
"(1, 1, 5, 10, 1, 1, 1, 1)",wing,2.54,8.526315789473685,0.9868421052631579,2,0.2,200000.0,0.0,4.86727794917483,729038.9162604822,24.89388477186753,1.0353994608573043,7,0.35360240273304,7.414942361487298,25.14600000000001,4.533701726904001,31.815450715115794
"(1, 1, 5, 11, 1, 1, 1, 1)",wing,2.54,8.526315789473685,1.013157894736842,2,0.2,200000.0,0.0,4.9051396761082975,728333.7408371186,25.634431399417487,1.0451202088949847,7,0.357623066994047,7.411833773226849,25.14600000000001,4.531633366621755,31.800935906117587
"(1, 1, 5, 12, 1, 1, 1, 1)",wing,2.54,8.526315789473685,1.0394736842105263,2,0.2,200000.0,0.0,4.956581402171927,728737.6867059867,26.429443887294912,1.057989467087757,7,0.36311463501979907,7.4139232194039435,25.14600000000001,4.533023620692896,31.81069207503787
"(1, 1, 6, 1, 1, 1, 1, 1)",wing,2.54,9.157894736842104,0.75,2,0.2,200000.0,0.0,4.947753612300614,809285.5208101092,19.408884665631447,1.050463341904881,7,0.3624342666631023,8.039088008855886,25.14600000000001,4.948989297721232,34.729749457692854
"(1, 1, 6, 2, 1, 1, 1, 1)",wing,2.54,9.157894736842104,0.7763157894736842,2,0.2,200000.0,0.0,4.899188384359408,795636.6350831853,19.84926351074073,1.0398460361360624,7,0.35720910169502434,7.97640813448104,25.14600000000001,4.907284011658591,34.437080783569066
"(1, 1, 6, 3, 1, 1, 1, 1)",wing,2.54,9.157894736842104,0.8026315789473685,2,0.2,200000.0,0.0,4.85777250561714,783823.2891678838,20.30709685750665,1.030878949789776,7,0.3527726752836348,7.921716798921324,25.14600000000001,4.87089405686983,34.18171267978828
"(1, 1, 6, 4, 1, 1, 1, 1)",wing,2.54,9.157894736842104,0.8289473684210527,2,0.2,200000.0,0.0,4.822753004826537,773549.6648898729,20.780769542993507,1.0234260488533786,7,0.3490349971355664,7.873815208917481,25.14600000000001,4.83902179270385,33.958047668097194
"(1, 1, 6, 5, 1, 1, 1, 1)",wing,2.54,9.157894736842104,0.8552631578947368,2,0.2,200000.0,0.0,4.794324414803278,764647.5355707636,21.271789943720268,1.0175731424241945,7,0.3460087737491969,7.832055451056359,25.14600000000001,4.811236117239834,33.76306047185849
"(1, 1, 6, 6, 1, 1, 1, 1)",wing,2.54,9.157894736842104,0.881578947368421,2,0.2,200000.0,0.0,4.773000848503627,757009.3681432519,21.782929143099437,1.0134755230129862,7,0.34374157451440296,7.796044638452879,25.14600000000001,4.787275615468648,33.594916599779985
"(1, 1, 6, 7, 1, 1, 1, 1)",wing,2.54,9.157894736842104,0.9078947368421053,2,0.2,200000.0,0.0,4.7599539984875765,750592.9831533387,22.31893726382638,1.0113936783935296,7,0.34235123686173835,7.765677218610751,25.14600000000001,4.767070055962796,33.45312319973892
"(1, 1, 6, 8, 1, 1, 1, 1)",wing,2.54,9.157894736842104,0.9342105263157895,2,0.2,200000.0,0.0,4.7569407923044835,745408.730711353,22.8864899295598,1.0116809189760116,7,0.34201847190876783,7.741081722759751,25.14600000000001,4.750704959501625,33.33828041755526
"(1, 1, 6, 9, 1, 1, 1, 1)",wing,2.54,9.157894736842104,0.9605263157894737,2,0.2,200000.0,0.0,4.7657744095863155,741485.0056041845,23.49301362183173,1.014703730683641,7,0.34293268580977315,7.722460165522804,25.14600000000001,4.738314740484045,33.25133151216874
"(1, 1, 6, 10, 1, 1, 1, 1)",wing,2.54,9.157894736842104,0.9868421052631579,2,0.2,200000.0,0.0,4.78760127879436,738824.3185172048,24.144745245495976,1.0207215718343905,7,0.3452178228236366,7.7098760525917,25.14600000000001,4.729941653669964,33.192573008210275
"(1, 1, 6, 11, 1, 1, 1, 1)",wing,2.54,9.157894736842104,1.013157894736842,2,0.2,200000.0,0.0,4.822773724738236,737382.4043952761,24.84555904630605,1.0297976178276556,7,0.34892004594457304,7.703151832914798,25.14600000000001,4.725467561978328,33.16117587353213
"(1, 1, 6, 12, 1, 1, 1, 1)",wing,2.54,9.157894736842104,1.0394736842105263,2,0.2,200000.0,0.0,4.871842303905974,737148.615956555,25.600787039923244,1.0420928585544962,7,0.35411280892353264,7.702254990829169,25.14600000000001,4.724870830473883,33.15698828402725
"(1, 1, 7, 1, 1, 1, 1, 1)",wing,2.54,9.789473684210526,0.75,2,0.2,200000.0,0.0,4.959624850458005,841337.1413046585,19.314169947418137,1.0557877319972613,7,0.3638094876392302,8.441488958634105,25.14600000000001,5.216734676756545,36.608664398291545
"(1, 1, 7, 2, 1, 1, 1, 1)",wing,2.54,9.789473684210526,0.7763157894736842,2,0.2,200000.0,0.0,4.897424260972157,823733.8572935611,19.678124716689993,1.0421581339523769,7,0.3571129535390218,8.35942038717176,25.14600000000001,5.16212874010261,36.22546484282534
"(1, 1, 7, 3, 1, 1, 1, 1)",wing,2.54,9.789473684210526,0.8026315789473685,2,0.2,200000.0,0.0,4.844987934764085,808698.0409357324,20.070256340039865,1.0307469031636718,7,0.35149942834267084,8.28861965873187,25.14600000000001,5.1150200842145885,35.89487778396203
"(1, 1, 7, 4, 1, 1, 1, 1)",wing,2.54,9.789473684210526,0.8289473684210527,2,0.2,200000.0,0.0,4.800890308177925,795754.8048363504,20.48606350807826,1.0212707072978995,7,0.3468007251828566,8.227141226845061,25.14600000000001,5.0741142015194765,35.607818958031416
"(1, 1, 7, 5, 1, 1, 1, 1)",wing,2.54,9.789473684210526,0.8552631578947368,2,0.2,200000.0,0.0,4.764851872878174,784611.7804366318,20.92504598789627,1.0137117136215,7,0.3429746649288327,8.173817296840861,25.14600000000001,5.038634076886331,35.358835627272505
"(1, 1, 7, 6, 1, 1, 1, 1)",wing,2.54,9.789473684210526,0.881578947368421,2,0.2,200000.0,0.0,4.737045676556204,775071.6985062903,21.388499504610508,1.008149209669684,7,0.3400292745474098,8.127877233672637,25.14600000000001,5.00806695314405,35.144329495747726
"(1, 1, 7, 7, 1, 1, 1, 1)",wing,2.54,9.789473684210526,0.9078947368421053,2,0.2,200000.0,0.0,4.7184161847575385,767029.5435410917,21.880158298813917,1.0047965134350054,7,0.3380554007238484,8.088955437425117,25.14600000000001,4.982169571205039,34.962593482140626
"(1, 1, 7, 8, 1, 1, 1, 1)",wing,2.54,9.789473684210526,0.9342105263157895,2,0.2,200000.0,0.0,4.710569687771155,760450.9397600547,22.405971846574,1.003978066389411,7,0.33721495873207696,8.057001768243536,25.14600000000001,4.96090856953169,34.81339347039783
"(1, 1, 7, 9, 1, 1, 1, 1)",wing,2.54,9.789473684210526,0.9605263157894737,2,0.2,200000.0,0.0,4.71519700987106,755328.3738571336,22.97270204692414,1.0060319919287222,7,0.33768163813161317,8.032076239693009,25.14600000000001,4.944323879328811,34.69700967950043
"(1, 1, 7, 10, 1, 1, 1, 1)",wing,2.54,9.789473684210526,0.9868421052631579,2,0.2,200000.0,0.0,4.733347387179376,751634.0375196524,23.58598625504656,1.0111914241184425,7,0.33956696027152056,8.014118240351118,25.14600000000001,4.932375171595491,34.61315909891573
"(1, 1, 7, 11, 1, 1, 1, 1)",wing,2.54,9.789473684210526,1.013157894736842,2,0.2,200000.0,0.0,4.76529355037977,749297.3086177466,24.24917591248836,1.0194958191293857,7,0.3429072465225071,8.0028340193938,25.14600000000001,4.924866993448793,34.560470129465216
"(1, 1, 7, 12, 1, 1, 1, 1)",wing,2.54,9.789473684210526,1.0394736842105263,2,0.2,200000.0,0.0,4.811548864943046,748293.1322874401,24.967438841899643,1.0311140820507243,7,0.34777076742677854,7.998132772065612,25.14600000000001,4.921738926160388,34.5385187800729
"(1, 1, 8, 1, 1, 1, 1, 1)",wing,2.54,10.421052631578947,0.75,2,0.2,200000.0,0.0,5.014788998363397,882772.2295779984,19.47907898471663,1.07034233558262,7,0.36986830211764415,8.886464299101416,25.14600000000001,5.512807763215339,38.686370268177825
"(1, 1, 8, 2, 1, 1, 1, 1)",wing,2.54,10.421052631578947,0.7763157894736842,2,0.2,200000.0,0.0,4.9336302748556635,859647.4437792461,19.73895994850959,1.052520265176097,7,0.3610897884768684,8.777711259541524,25.14600000000001,5.440446791368096,38.17857397451296
"(1, 1, 8, 3, 1, 1, 1, 1)",wing,2.54,10.421052631578947,0.8026315789473685,2,0.2,200000.0,0.0,4.866238222290961,840218.9846730191,20.04573903709783,1.0377909543064043,7,0.35385341613375365,8.685201737387715,25.14600000000001,5.3788937630089455,37.746622898308395
"(1, 1, 8, 4, 1, 1, 1, 1)",wing,2.54,10.421052631578947,0.8289473684210527,2,0.2,200000.0,0.0,4.810075964487992,823710.4603130932,20.389490482041815,1.0256273993471283,7,0.34785938413424894,8.605750024521521,25.14600000000001,5.3260290046427246,37.375642137843684
"(1, 1, 8, 5, 1, 1, 1, 1)",wing,2.54,10.421052631578947,0.8552631578947368,2,0.2,200000.0,0.0,4.764106869448573,809626.4501191019,20.766106888756845,1.0158450818472482,7,0.34297695777943,8.5373414343083,25.14600000000001,5.28051200492887,37.05622459599207
"(1, 1, 8, 6, 1, 1, 1, 1)",wing,2.54,10.421052631578947,0.881578947368421,2,0.2,200000.0,0.0,4.727977200587468,797627.8511953456,21.174386630249227,1.0084078061596877,7,0.3391528382569285,8.478606935595046,25.14600000000001,5.241431852088533,36.78197790939321
"(1, 1, 8, 7, 1, 1, 1, 1)",wing,2.54,10.421052631578947,0.9078947368421053,2,0.2,200000.0,0.0,4.702278071807703,787510.9776608527,21.6163570339397,1.0034530297927675,7,0.3364364052029441,8.428765948079977,25.14600000000001,5.2082691716796745,36.54925734512052
"(1, 1, 8, 8, 1, 1, 1, 1)",wing,2.54,10.421052631578947,0.9342105263157895,2,0.2,200000.0,0.0,4.688376492910448,779170.9329006855,22.096742565384822,1.001252553044948,7,0.33496086961588845,8.387475801280841,25.14600000000001,5.180795961163517,36.35646288535801
"(1, 1, 8, 9, 1, 1, 1, 1)",wing,2.54,10.421052631578947,0.9605263157894737,2,0.2,200000.0,0.0,4.687794316678139,772548.7281754545,22.621426869287454,1.0021125856371618,7,0.33487906305433796,8.354585841206124,25.14600000000001,5.158911979946487,36.20289108734377
"(1, 1, 8, 10, 1, 1, 1, 1)",wing,2.54,10.421052631578947,0.9868421052631579,2,0.2,200000.0,0.0,4.701437497838154,767571.7720540824,23.195175194775615,1.0062254931592884,7,0.3362848724403973,8.329844746759116,25.14600000000001,5.1424500065984775,36.08736846735774
"(1, 1, 8, 11, 1, 1, 1, 1)",wing,2.54,10.421052631578947,1.013157894736842,2,0.2,200000.0,0.0,4.7294707365737665,764132.5430210843,23.82063244986816,1.0135991402515439,7,0.3392014716124896,8.312794091946541,25.14600000000001,5.13110501837688,36.00775451492548
"(1, 1, 8, 12, 1, 1, 1, 1)",wing,2.54,10.421052631578947,1.0394736842105263,2,0.2,200000.0,0.0,4.772358175983971,762186.2089670046,24.5027742925271,1.024413064097692,7,0.3436905073655894,8.303261504546366,25.14600000000001,5.124762324036688,35.96324437920483
"(1, 1, 8, 13, 1, 1, 1, 1)",wing,2.54,10.421052631578947,1.0657894736842106,2,0.2,200000.0,0.0,4.833007688995089,761850.7854945501,25.254381349592364,1.0392727635741807,7,0.35008018584593303,8.301877928756657,25.14600000000001,5.12384173469801,35.95678410314393
"(1, 1, 9, 1, 1, 1, 1, 1)",wing,2.54,11.052631578947368,0.75,2,0.2,200000.0,0.0,5.121380356040631,936829.5430572138,19.97122815533952,1.0960100660162466,7,0.3815832401450911,9.390210515499087,25.14600000000001,5.847985206810676,41.038492679373164
"(1, 1, 9, 2, 1, 1, 1, 1)",wing,2.54,11.052631578947368,0.7763157894736842,2,0.2,200000.0,0.0,5.0128982150134656,905714.2339961262,20.076536982462862,1.0721400273202997,7,0.36974038154215744,9.243637742103491,25.14600000000001,5.750460131905435,40.35410618881008
"(1, 1, 9, 3, 1, 1, 1, 1)",wing,2.54,11.052631578947368,0.8026315789473685,2,0.2,200000.0,0.0,4.9245909389511855,880117.0509106204,20.262909292648953,1.0527695373344752,7,0.36019175833705475,9.121158794990968,25.14600000000001,5.668966357756637,39.78222005443254
"(1, 1, 9, 4, 1, 1, 1, 1)",wing,2.54,11.052631578947368,0.8289473684210527,2,0.2,200000.0,0.0,4.85197688320676,858724.4855916239,20.50953642686132,1.0369417593187777,7,0.35240177917067633,9.017424947443862,25.14600000000001,5.599945003941247,39.29785967678069
"(1, 1, 9, 5, 1, 1, 1, 1)",wing,2.54,11.052631578947368,0.8552631578947368,2,0.2,200000.0,0.0,4.792760139369096,840695.4425262047,20.805502698987347,1.0241959351984702,7,0.3460894930316009,8.929000488348587,25.14600000000001,5.541110052558788,38.88498282497395
"(1, 1, 9, 6, 1, 1, 1, 1)",wing,2.54,11.052631578947368,0.881578947368421,2,0.2,200000.0,0.0,4.745739353099475,825457.5987651887,21.145101609893537,1.0143099487054998,7,0.34110153327234616,8.85354037797189,25.14600000000001,5.490901185343166,38.532639897145025
"(1, 1, 9, 7, 1, 1, 1, 1)",wing,2.54,11.052631578947368,0.9078947368421053,2,0.2,200000.0,0.0,4.710943714474923,812648.587285472,21.527370323252903,1.0072995265333755,7,0.33742112713923045,8.789595542142418,25.14600000000001,5.448354232320442,38.23406478821363
"(1, 1, 9, 8, 1, 1, 1, 1)",wing,2.54,11.052631578947368,0.9342105263157895,2,0.2,200000.0,0.0,4.689366792239885,802053.2395166203,21.955002495045406,1.003356592730819,7,0.3351371169877202,8.73636001353245,25.14600000000001,5.412932927292019,37.98549422661066
"(1, 1, 9, 9, 1, 1, 1, 1)",wing,2.54,11.052631578947368,0.9605263157894737,2,0.2,200000.0,0.0,4.682258387809131,793530.7929623195,22.432355476885988,1.0027265671295693,7,0.3343697083973487,8.693338613666562,25.14600000000001,5.384307793529112,37.78461609494114
"(1, 1, 9, 10, 1, 1, 1, 1)",wing,2.54,11.052631578947368,0.9868421052631579,2,0.2,200000.0,0.0,4.690322416826702,786943.9568482963,22.96295516675539,1.0055505079140363,7,0.3351883092966007,8.66000088415021,25.14600000000001,5.362125880115509,37.628953544670246
"(1, 1, 9, 11, 1, 1, 1, 1)",wing,2.54,11.052631578947368,1.013157894736842,2,0.2,200000.0,0.0,4.71359428259376,782138.5056438899,23.548687975519705,1.0118170477301482,7,0.3376000279174067,8.635682165560082,25.14600000000001,5.345944942843478,37.515403107673535
"(1, 1, 9, 12, 1, 1, 1, 1)",wing,2.54,11.052631578947368,1.0394736842105263,2,0.2,200000.0,0.0,4.7523844978846395,779022.9111138873,24.19341749434842,1.0216424072753796,7,0.3416485612755351,8.619997986432564,25.14600000000001,5.335509166069916,37.442169586455556
"(1, 1, 9, 13, 1, 1, 1, 1)",wing,2.54,11.052631578947368,1.0657894736842106,2,0.2,200000.0,0.0,4.809545623758766,777701.7971380503,24.90986180491442,1.0356587600047333,7,0.34765444569043347,8.613545309097058,25.14600000000001,5.331215750410882,37.41204035376058
"(1, 1, 10, 1, 1, 1, 1, 1)",wing,2.54,11.68421052631579,0.75,2,0.2,200000.0,0.0,5.297208568721368,1.0094359541883157e6,20.940769461444127,1.136833697085171,7,0.40111657750025365,9.98020378342399,25.14600000000001,6.240548820877441,43.793325058789065
"(1, 1, 10, 2, 1, 1, 1, 1)",wing,2.54,11.68421052631579,0.7763157894736842,2,0.2,200000.0,0.0,5.14570016428888,965732.5986565988,20.781364268365138,1.103415011822761,7,0.38432848550165183,9.775724244980479,25.14600000000001,6.104494341990903,42.838556785901076
"(1, 1, 10, 3, 1, 1, 1, 1)",wing,2.54,11.68421052631579,0.8026315789473685,2,0.2,200000.0,0.0,5.026958792867391,931123.8826119084,20.78359130717765,1.0772865196623862,7,0.3713388754594813,9.610494099662452,25.14600000000001,5.9945552180633435,42.06705416184803
"(1, 1, 10, 4, 1, 1, 1, 1)",wing,2.54,11.68421052631579,0.8289473684210527,2,0.2,200000.0,0.0,4.93116979100824,902821.661525597,20.889079641931403,1.0562995788358591,7,0.3609682954842086,9.473078482195533,25.14600000000001,5.90312303679158,41.42542481959004
"(1, 1, 10, 5, 1, 1, 1, 1)",wing,2.54,11.68421052631579,0.8552631578947368,2,0.2,200000.0,0.0,4.853789584483406,879355.3327443473,21.072987305010003,1.039494426762947,7,0.35266082691890016,9.357509510641327,25.14600000000001,5.826226950660182,40.885803162527594
"(1, 1, 10, 6, 1, 1, 1, 1)",wing,2.54,11.68421052631579,0.881578947368421,2,0.2,200000.0,0.0,4.792177694653678,859748.691767153,21.320931651000272,1.0263311774244315,7,0.3460896775511005,9.259779597646688,25.14600000000001,5.761200432675422,40.42947672052928
"(1, 1, 10, 7, 1, 1, 1, 1)",wing,2.54,11.68421052631579,0.9078947368421053,2,0.2,200000.0,0.0,4.745437908827001,843374.9446813851,21.626459183129114,1.0166261779573795,7,0.3411275265115828,9.177336505647187,25.14600000000001,5.706345301422836,40.04452843103745
"(1, 1, 10, 8, 1, 1, 1, 1)",wing,2.54,11.68421052631579,0.9342105263157895,2,0.2,200000.0,0.0,4.71395589155752,829839.556785594,21.988642963442643,1.0104409606490965,7,0.3377907136114268,9.108620612055244,25.14600000000001,5.660623831367497,39.723676009596474
"(1, 1, 10, 9, 1, 1, 1, 1)",wing,2.54,11.68421052631579,0.9605263157894737,2,0.2,200000.0,0.0,4.698553854495636,818873.0890697466,22.409266914953758,1.007927349977046,7,0.3361483166949503,9.052591100657732,25.14600000000001,5.6233434949901655,39.462059613966076
"(1, 1, 10, 10, 1, 1, 1, 1)",wing,2.54,11.68421052631579,0.9868421052631579,2,0.2,200000.0,0.0,4.699616507746855,810237.7572119131,22.88978017327059,1.0091416751796962,7,0.3362314499632985,9.008279667723743,25.14600000000001,5.593860012376499,39.25515798158947
"(1, 1, 10, 11, 1, 1, 1, 1)",wing,2.54,11.68421052631579,1.013157894736842,2,0.2,200000.0,0.0,4.716987933408524,803711.1268848961,23.43088006192403,1.0140453108355474,7,0.3380235638716028,8.974722543402855,25.14600000000001,5.571532120318631,39.09847101977987
"(1, 1, 10, 12, 1, 1, 1, 1)",wing,2.54,11.68421052631579,1.0394736842105263,2,0.2,200000.0,0.0,4.750759563288167,799134.3056243327,24.034833198059427,1.022668632224867,7,0.3415428498673575,8.951225737197406,25.14600000000001,5.555898058602165,38.988758305980106
"(1, 1, 10, 13, 1, 1, 1, 1)",wing,2.54,11.68421052631579,1.0657894736842106,2,0.2,200000.0,0.0,4.803704720559974,796590.9204774927,24.71425041099164,1.0356761187439198,7,0.34709970175807886,8.938320000314453,25.14600000000001,5.547310972971874,38.92849805594298
"(1, 1, 11, 1, 1, 1, 1, 1)",wing,2.54,12.31578947368421,0.75,2,0.2,200000.0,0.0,5.585192761730685,1.1137370717751086e6,22.764982491345304,1.202380872779243,7,0.43375537683940696,10.71390246726704,25.14600000000001,6.728729657208808,47.21915548918462
"(1, 1, 11, 2, 1, 1, 1, 1)",wing,2.54,12.31578947368421,0.7763157894736842,2,0.2,200000.0,0.0,5.359496737637368,1.0483022201639744e6,22.09709410287179,1.152506972580351,7,0.40815897794845174,10.413398680194733,25.14600000000001,6.528783557639297,45.81602496588981
"(1, 1, 11, 3, 1, 1, 1, 1)",wing,2.54,12.31578947368421,0.8026315789473685,2,0.2,200000.0,0.0,5.189263412677675,998505.7490272396,21.751790396840402,1.1149326153996721,7,0.3891986830128749,10.178385377810395,25.14600000000001,6.372412838932209,44.71868658899796
"(1, 1, 11, 4, 1, 1, 1, 1)",wing,2.54,12.31578947368421,0.8289473684210527,2,0.2,200000.0,0.0,5.0565543011860425,959228.5875208318,21.61053958565997,1.0857300244695807,7,0.3746269660293036,9.988859705990471,25.14600000000001,6.246308209044244,43.833741817854346
"(1, 1, 11, 5, 1, 1, 1, 1)",wing,2.54,12.31578947368421,0.8552631578947368,2,0.2,200000.0,0.0,4.953228485350208,927961.6570194728,21.626081718392626,1.0631298929886106,7,0.3634088376321395,9.835206937167886,25.14600000000001,6.144072320061122,43.11629698288507
"(1, 1, 11, 6, 1, 1, 1, 1)",wing,2.54,12.31578947368421,0.881578947368421,2,0.2,200000.0,0.0,4.8714778521234505,902287.1048767058,21.74329083254869,1.0454509222676998,7,0.35461127919249913,9.707110763159141,25.14600000000001,6.0588410136195066,42.51818255171584
"(1, 1, 11, 7, 1, 1, 1, 1)",wing,2.54,12.31578947368421,0.9078947368421053,2,0.2,200000.0,0.0,4.808651286786296,881073.7327311968,21.94363290967663,1.0321233518642279,7,0.34789461166251767,9.599922597016027,25.14600000000001,5.987521261049573,42.01769305999701
"(1, 1, 11, 8, 1, 1, 1, 1)",wing,2.54,12.31578947368421,0.9342105263157895,2,0.2,200000.0,0.0,4.764099052918675,863621.2542795894,22.21932412040347,1.022984878630559,7,0.34314995610963134,9.510810702211241,25.14600000000001,5.928228910809814,41.60160639164782
"(1, 1, 11, 9, 1, 1, 1, 1)",wing,2.54,12.31578947368421,0.9605263157894737,2,0.2,200000.0,0.0,4.7379447462867255,849450.1167737268,22.567548203675823,1.0180365353614882,7,0.34036214367254186,9.437847582646944,25.14600000000001,5.879681465496604,41.26092256488845
"(1, 1, 11, 10, 1, 1, 1, 1)",wing,2.54,12.31578947368421,0.9868421052631579,2,0.2,200000.0,0.0,4.730079249896138,838167.0902365122,22.986353333246843,1.0172148300463368,7,0.33950267066409084,9.379392612939958,25.14600000000001,5.840787302773279,40.98798107209319
"(1, 1, 11, 11, 1, 1, 1, 1)",wing,2.54,12.31578947368421,1.013157894736842,2,0.2,200000.0,0.0,4.740013142938905,829437.9627153956,23.474102565922166,1.0204068529134593,7,0.34051435092889304,9.333989790989639,25.14600000000001,5.8105776430320155,40.7759834598738
"(1, 1, 11, 12, 1, 1, 1, 1)",wing,2.54,12.31578947368421,1.0394736842105263,2,0.2,200000.0,0.0,4.767543180726087,823010.7219399248,24.030910302633316,1.0275480312485605,7,0.3433806194798512,9.300520399947859,25.14600000000001,5.788308126035346,40.61970614761647
"(1, 1, 11, 13, 1, 1, 1, 1)",wing,2.54,12.31578947368421,1.0657894736842106,2,0.2,200000.0,0.0,4.815311855246955,818932.5118451375,24.668998010961296,1.0393291754526401,7,0.34839600982251967,9.279381781978016,25.14600000000001,5.774243131199379,40.52100442946933
"(1, 1, 11, 14, 1, 1, 1, 1)",wing,2.54,12.31578947368421,1.0921052631578947,2,0.2,200000.0,0.0,4.888764753957152,817482.4950013647,25.411670865530898,1.0570195146210233,7,0.35617117560756784,9.272154914617806,25.14600000000001,5.769434592994727,40.487260301717384
"(1, 1, 12, 2, 1, 1, 1, 1)",wing,2.54,12.947368421052632,0.7763157894736842,2,0.2,200000.0,0.0,5.701602083178958,1.1681309587298885e6,24.470756435601594,1.2300938819650904,7,0.447232028664033,11.21940373480466,25.14600000000001,7.065074858566524,49.57947269169491
"(1, 1, 12, 3, 1, 1, 1, 1)",wing,2.54,12.947368421052632,0.8026315789473685,2,0.2,200000.0,0.0,5.443557852725742,1.0923004231843408e6,23.468694116196005,1.172971398911802,7,0.41769881103703455,10.870145952819554,25.14600000000001,6.832689330475266,47.94869705596678
"(1, 1, 12, 4, 1, 1, 1, 1)",wing,2.54,12.947368421052632,0.8289473684210527,2,0.2,200000.0,0.0,5.252579304013832,1.0356111012000573e6,22.904928734290174,1.1307649489062477,7,0.3962781046023626,10.60107298107304,25.14600000000001,6.653656341492179,46.69232520345389
"(1, 1, 12, 5, 1, 1, 1, 1)",wing,2.54,12.947368421052632,0.8552631578947368,2,0.2,200000.0,0.0,5.106374159467398,991498.369340184,22.61198466758709,1.0985870209395894,7,0.3801337794502576,10.386576595119422,25.14600000000001,6.510936956285685,45.69078565814517
"(1, 1, 12, 6, 1, 1, 1, 1)",wing,2.54,12.947368421052632,0.881578947368421,2,0.2,200000.0,0.0,4.992860820129573,956274.3747670718,22.502832878039243,1.0737863671483225,7,0.3677519693286424,10.211876543257597,25.14600000000001,6.39469684395739,44.87506557163081
"(1, 1, 12, 7, 1, 1, 1, 1)",wing,2.54,12.947368421052632,0.9078947368421053,2,0.2,200000.0,0.0,4.9060441017648895,927833.601401624,22.533893109331068,1.0550626136477739,7,0.3583702770489543,10.06849282279987,25.14600000000001,6.299293668088629,44.20556960062196
"(1, 1, 12, 8, 1, 1, 1, 1)",wing,2.54,12.947368421052632,0.9342105263157895,2,0.2,200000.0,0.0,4.843734213418134,905012.7689910063,22.68791537390168,1.041910979395693,7,0.35167920278108017,9.951892989945366,25.14600000000001,6.221711678134855,43.66113458340249
"(1, 1, 12, 9, 1, 1, 1, 1)",wing,2.54,12.947368421052632,0.9605263157894737,2,0.2,200000.0,0.0,4.803281398430757,886536.0554292098,22.937912134596424,1.0337261021241009,7,0.34734601275492893,9.856469205925224,25.14600000000001,6.1582195883782616,43.215576058794824
"(1, 1, 12, 10, 1, 1, 1, 1)",wing,2.54,12.947368421052632,0.9868421052631579,2,0.2,200000.0,0.0,4.783771259277956,871757.766398534,23.27594314146262,1.0302627267243216,7,0.3452436100577567,9.77950516621571,25.14600000000001,6.10701005222913,42.856210892836
"(1, 1, 12, 11, 1, 1, 1, 1)",wing,2.54,12.947368421052632,1.013157894736842,2,0.2,200000.0,0.0,4.784141792738214,860158.4343617302,23.695989379639833,1.0312612241057955,7,0.3452450985992347,9.718731907027923,25.14600000000001,6.066573370045817,42.57244470207591
"(1, 1, 12, 12, 1, 1, 1, 1)",wing,2.54,12.947368421052632,1.0394736842105263,2,0.2,200000.0,0.0,4.803777702337749,851353.0827759694,24.19508163674783,1.0365531164450297,7,0.3472844191680296,9.672436347888047,25.14600000000001,6.03576971007337,42.35627866718155
"(1, 1, 12, 13, 1, 1, 1, 1)",wing,2.54,12.947368421052632,1.0657894736842106,2,0.2,200000.0,0.0,4.845060151038381,845315.6825017234,24.78401852694008,1.0468038110424858,7,0.35162554634298826,9.640713089706964,25.14600000000001,6.014662016886735,42.20815450446832
"(1, 1, 12, 14, 1, 1, 1, 1)",wing,2.54,12.947368421052632,1.0921052631578947,2,0.2,200000.0,0.0,4.913164192377405,842266.1241376821,25.484668412514687,1.0632185495056603,7,0.3588491194392699,9.624905970062423,25.14600000000001,6.004144439224413,42.13434694192571
"(1, 1, 13, 4, 1, 1, 1, 1)",wing,2.54,13.578947368421053,0.8289473684210527,2,0.2,200000.0,0.0,5.552709674795215,1.1426620110803568e6,25.110303457511563,1.1988857247077827,7,0.43017215518580976,11.356584969330578,25.14600000000001,7.156351088542914,50.22000763889765
"(1, 1, 13, 5, 1, 1, 1, 1)",wing,2.54,13.578947368421053,0.8552631578947368,2,0.2,200000.0,0.0,5.336849043668827,1.0775621319124717e6,24.267796502195246,1.1511628643881853,7,0.4057410702372024,11.046765427132385,25.14600000000001,6.9502065682476175,48.77337942629907
"(1, 1, 13, 6, 1, 1, 1, 1)",wing,2.54,13.578947368421053,0.881578947368421,2,0.2,200000.0,0.0,5.175249220598461,1.0277745509264168e6,23.78986659860811,1.1156213296219233,7,0.3877630372804544,10.803482669107687,25.14600000000001,6.788333604737023,47.63742880517209
"(1, 1, 13, 7, 1, 1, 1, 1)",wing,2.54,13.578947368421053,0.9078947368421053,2,0.2,200000.0,0.0,5.053073550835415,988606.8793101917,23.554654333521864,1.0889717889744104,7,0.37434797142707676,10.607962443853216,25.14600000000001,6.658240380929572,46.72449390126015
"(1, 1, 13, 8, 1, 1, 1, 1)",wing,2.54,13.578947368421053,0.9342105263157895,2,0.2,200000.0,0.0,4.9629399603790025,957373.9045534612,23.49908874863388,1.0695752490931043,7,0.36454525439968927,10.449310528444942,25.14600000000001,6.552678211533405,45.983706747602845
"(1, 1, 13, 9, 1, 1, 1, 1)",wing,2.54,13.578947368421053,0.9605263157894737,2,0.2,200000.0,0.0,4.9009360890897895,932391.2472354601,23.587955706074876,1.056547562752015,7,0.35784112035907084,10.320601383202952,25.14600000000001,6.467039052636984,45.38273019394375
"(1, 1, 13, 10, 1, 1, 1, 1)",wing,2.54,13.578947368421053,0.9868421052631579,2,0.2,200000.0,0.0,4.864630554795054,912543.920510116,23.801289262741456,1.0492985131740384,7,0.35391796176687423,10.217196363465469,25.14600000000001,6.39823649086613,44.89990519906056
"(1, 1, 13, 11, 1, 1, 1, 1)",wing,2.54,13.578947368421053,1.013157894736842,2,0.2,200000.0,0.0,4.852395500461522,897116.7030455339,24.130269764765192,1.0474144796345448,7,0.35257068544784625,10.136139649496219,25.14600000000001,6.344303813478028,44.521430270021256
"(1, 1, 13, 12, 1, 1, 1, 1)",wing,2.54,13.578947368421053,1.0394736842105263,2,0.2,200000.0,0.0,4.861846745052703,885199.7528779713,24.554758902821007,1.0503689425993241,7,0.35353366020769816,10.073162589337686,25.14600000000001,6.30240078901457,44.22737395799698
"(1, 1, 13, 13, 1, 1, 1, 1)",wing,2.54,13.578947368421053,1.0657894736842106,2,0.2,200000.0,0.0,4.89478867668523,876606.210169753,25.0812370221576,1.0586369052522764,7,0.35700459045974153,10.027638605933282,25.14600000000001,6.272110512119033,44.01481061136164
"(1, 1, 13, 14, 1, 1, 1, 1)",wing,2.54,13.578947368421053,1.0921052631578947,2,0.2,200000.0,0.0,4.956158861494658,871498.4371082564,25.73079727156406,1.0734609976542846,7,0.3635369076460335,10.00071079059046,25.14600000000001,6.254193561054352,43.889077621434055
"(1, 1, 13, 15, 1, 1, 1, 1)",wing,2.54,13.578947368421053,1.118421052631579,2,0.2,200000.0,0.0,5.05147705669491,870112.994936381,26.529049101009775,1.0961827845077101,7,0.37378275362921576,9.993824031686032,25.14600000000001,6.249611320693819,43.85692154872856
"(1, 1, 14, 5, 1, 1, 1, 1)",wing,2.54,14.210526315789474,0.8552631578947368,2,0.2,200000.0,0.0,5.693635689514026,1.2014850753075331e6,27.11367351986526,1.2317284684534007,7,0.4464352666136267,11.882679277630517,25.14600000000001,7.506398274221082,52.67647911734093
"(1, 1, 14, 6, 1, 1, 1, 1)",wing,2.54,14.210526315789474,0.881578947368421,2,0.2,200000.0,0.0,5.445982233842341,1.1255975532605802e6,25.8962734497751,1.176938679332242,7,0.41808491901374356,11.521772530902231,25.14600000000001,7.26626187853806,50.99131142833727
"(1, 1, 14, 7, 1, 1, 1, 1)",wing,2.54,14.210526315789474,0.9078947368421053,2,0.2,200000.0,0.0,5.266491377845997,1.068969688656773e6,25.185709669458145,1.1374620905793213,7,0.3979244429142465,11.244514939730111,25.14600000000001,7.081783092193965,49.69672345399274
"(1, 1, 14, 8, 1, 1, 1, 1)",wing,2.54,14.210526315789474,0.9342105263157895,2,0.2,200000.0,0.0,5.135579507672558,1.0252918132013982e6,24.801331472338468,1.1089234544225113,7,0.3834240761291962,11.025666513120091,25.14600000000001,6.936167991219983,48.67486309628058
"(1, 1, 14, 9, 1, 1, 1, 1)",wing,2.54,14.210526315789474,0.9605263157894737,2,0.2,200000.0,0.0,5.0432560792244,991059.7782291853,24.651177546982662,1.0890796474042628,7,0.37329536237967137,10.85093938319829,25.14600000000001,6.819909861972401,47.85901657524492
"(1, 1, 14, 10, 1, 1, 1, 1)",wing,2.54,14.210526315789474,0.9868421052631579,2,0.2,200000.0,0.0,4.983528450882429,964074.0290521412,24.682149673961966,1.076561296363742,7,0.366775242001406,10.71114707780348,25.14600000000001,6.726896304686361,47.20628985744815
"(1, 1, 14, 11, 1, 1, 1, 1)",wing,2.54,14.210526315789474,1.013157894736842,2,0.2,200000.0,0.0,4.952149935953816,942818.6650304246,24.86004862703944,1.0703594914584267,7,0.36334199709123616,10.599757681806127,25.14600000000001,6.652781181279563,46.68618372827764
"(1, 1, 14, 12, 1, 1, 1, 1)",wing,2.54,14.210526315789474,1.0394736842105263,2,0.2,200000.0,0.0,4.946491514399034,926273.5375392622,25.164717660839933,1.069880760839008,7,0.3626823064805358,10.512298944601923,25.14600000000001,6.5945887919335755,46.27781608374439
"(1, 1, 14, 13, 1, 1, 1, 1)",wing,2.54,14.210526315789474,1.0657894736842106,2,0.2,200000.0,0.0,4.967337319339012,913955.9578784293,25.594220877235394,1.0753371528432543,7,0.3648735902538612,10.4468312836519,25.14600000000001,6.551028597293677,45.97213050732405
"(1, 1, 14, 14, 1, 1, 1, 1)",wing,2.54,14.210526315789474,1.0921052631578947,2,0.2,200000.0,0.0,5.0199087917683975,906115.7772151369,26.17628119218876,1.0881032102862638,7,0.3704962114425873,10.405159464676226,25.14600000000001,6.523301433695077,45.77755392066721
"(1, 1, 14, 15, 1, 1, 1, 1)",wing,2.54,14.210526315789474,1.118421052631579,2,0.2,200000.0,0.0,5.108278418562938,902591.7525548612,26.922093807055006,1.1091688057688527,7,0.3800443720826475,10.386731430360598,25.14600000000001,6.511039978955885,45.691508624251824
"(1, 1, 15, 11, 1, 1, 1, 1)",wing,2.54,14.842105263157896,1.013157894736842,2,0.2,200000.0,0.0,5.092773599872627,1.0004065731466466e6,25.992106671824565,1.1022336841321243,7,0.37868652976901046,11.125807963865958,25.14600000000001,7.002799073233768,49.1424496367282
"(1, 1, 15, 12, 1, 1, 1, 1)",wing,2.54,14.842105263157896,1.0394736842105263,2,0.2,200000.0,0.0,5.066931526591446,977604.3788167614,26.131480607039588,1.0971793647965673,7,0.3758102149155953,11.005946672073714,25.14600000000001,6.923047007488735,48.58278601746481
"(1, 1, 15, 13, 1, 1, 1, 1)",wing,2.54,14.842105263157896,1.0657894736842106,2,0.2,200000.0,0.0,5.072100869336164,960387.3540399675,26.43361055515494,1.0990461809244227,7,0.3763126575743562,10.914670515477225,25.14600000000001,6.862314623138541,48.15659384658626
"(1, 1, 15, 14, 1, 1, 1, 1)",wing,2.54,14.842105263157896,1.0921052631578947,2,0.2,200000.0,0.0,5.111523674678083,948448.7640166715,26.90651715364078,1.108747783052298,7,0.38054969325982924,10.851111130664021,25.14600000000001,6.820024137523531,47.85981850893707
"(1, 1, 15, 15, 1, 1, 1, 1)",wing,2.54,14.842105263157896,1.118421052631579,2,0.2,200000.0,0.0,5.189496344521192,941693.495776393,27.566736313807546,1.1273819891758778,7,0.38903323614262164,10.815286671461463,25.14600000000001,6.796187629649456,47.69254476946987
"(1, 1, 15, 16, 1, 1, 1, 1)",wing,2.54,14.842105263157896,1.144736842105263,2,0.2,200000.0,0.0,5.308449594859227,939943.9103620796,28.427447519664824,1.1556336940531204,7,0.4021246777999905,10.806527274005504,25.14600000000001,6.790359392431678,47.65164485916967
