index,fcs_loc,radius,AR,tdivc_scale,N_eng,HTR_f,l_fcs,thetafloor,fcs_fuselage_location,has_strut,CDS,WMTO,Vol_wing,PFEI,seats_abreast,Vol_nacelle,y_centroid_wing,L_fuse,y_centroid_nacelles,span
"(1, 9, 8, 10, 1, 1, 1, 7, 1, 1)",wing,2.54,10.1,1.0,2,0.2,0.0,0.0,0.0,false,4.937632317842295,784791.9573643759,24.99099529891953,1.0579970920058337,7,0.3612717540134557,8.2965587613012,28.956000000000014,5.120302522110916,35.93194752358538
"(1, 9, 1, 1, 1, 4, 1, 7, 1, 2)",wing,2.54,10.1,1.0,2,0.3,0.0,0.0,0.0,true,4.944951488319418,759742.1410076183,24.249852751291264,1.0591361236358703,7,0.8824743256071836,8.173477426544038,28.956000000000014,5.038407937505956,35.357248684252326
"(1, 9, 1, 2, 1, 4, 1, 7, 1, 1)",wing,2.54,10.1,0.7777777777777778,2,0.3,0.0,0.0,0.0,false,5.149342722571033,874393.5022867649,20.964464661957493,1.0973874385308378,7,0.9372031252155224,8.721268399990644,28.956000000000014,5.402891425674709,37.91502754859445
"(1, 9, 1, 2, 1, 4, 1, 7, 1, 2)",wing,2.54,10.1,0.7777777777777778,2,0.3,0.0,0.0,0.0,true,5.0146899365477156,816904.5963643692,19.569683117960636,1.0667326487739865,7,0.9011691440582031,8.451117971186463,28.956000000000014,5.223141529466479,36.65362476818582
"(1, 9, 1, 3, 1, 4, 1, 7, 1, 1)",wing,2.54,10.1,0.8055555555555556,2,0.3,0.0,0.0,0.0,false,5.0841896393866355,855521.6481301127,21.346183661432903,1.083239307157179,7,0.9197810699321587,8.633594649309703,28.956000000000014,5.344555972887001,37.50565595008422
"(1, 9, 1, 3, 1, 4, 1, 7, 1, 2)",wing,2.54,10.1,0.8055555555555556,2,0.3,0.0,0.0,0.0,true,4.9718670707105,804126.4852744896,20.05505866113608,1.0575437797052318,7,0.8898528503886697,8.389803480577315,28.956000000000014,5.182344728321871,36.36733142682015
"(1, 9, 1, 4, 1, 4, 1, 7, 1, 1)",wing,2.54,10.1,0.8333333333333334,2,0.3,0.0,0.0,0.0,false,5.030408245229384,839533.3554994535,21.76507599151543,1.0717275221231635,7,0.905479140820229,8.558556833887526,28.956000000000014,5.29462808791738,37.15528482749039
"(1, 9, 1, 4, 1, 4, 1, 7, 1, 2)",wing,2.54,10.1,0.8333333333333334,2,0.3,0.0,0.0,0.0,true,4.936671097891158,793183.0808766158,20.55972231868394,1.0501933159944803,7,0.8805844107806636,8.336903085893569,28.956000000000014,5.1471464112365775,36.120325692888265
"(1, 9, 1, 5, 1, 4, 1, 7, 1, 1)",wing,2.54,10.1,0.8611111111111112,2,0.3,0.0,0.0,0.0,false,4.987396891258471,825978.3891434048,22.21896602162471,1.062777854445214,7,0.8940891695775798,8.494386880062684,28.956000000000014,5.251931348212914,36.85565858395028
"(1, 9, 1, 5, 1, 4, 1, 7, 1, 2)",wing,2.54,10.1,0.8611111111111112,2,0.3,0.0,0.0,0.0,true,4.9095104199884885,783869.0905919735,21.08592359517495,1.0448228845807292,7,0.8734472661772698,8.291600408218265,28.956000000000014,5.117003384456512,35.90879568039658
"(1, 9, 1, 6, 1, 4, 1, 7, 1, 1)",wing,2.54,10.1,0.8888888888888888,2,0.3,0.0,0.0,0.0,false,4.955287101302862,814560.7229520745,22.70877088188262,1.056468889715013,7,0.8856072034898858,8.43994623668591,28.956000000000014,5.215708196394127,36.60146102732721
"(1, 9, 1, 6, 1, 4, 1, 7, 1, 2)",wing,2.54,10.1,0.8888888888888888,2,0.3,0.0,0.0,0.0,true,4.891233872430218,776061.3155059203,21.63759097153686,1.041661469721195,7,0.8686433527833415,8.253437664933978,28.956000000000014,5.091611053321831,35.73060388296022
"(1, 9, 1, 7, 1, 4, 1, 7, 1, 1)",wing,2.54,10.1,0.9166666666666666,2,0.3,0.0,0.0,0.0,false,4.935385855424004,805128.2765546986,23.23933289608484,1.0530803244917777,7,0.8803449464166795,8.394716865333733,28.956000000000014,5.185613945416609,36.39027330116919
"(1, 9, 1, 7, 1, 4, 1, 7, 1, 2)",wing,2.54,10.1,0.9166666666666666,2,0.3,0.0,0.0,0.0,true,4.883584124273478,769724.1603096527,22.22128958149309,1.0410765168196623,7,0.8666108713077463,8.22235685195095,28.956000000000014,5.0709308236716435,35.585479464362415
"(1, 9, 1, 8, 1, 4, 1, 7, 1, 1)",wing,2.54,10.1,0.9444444444444444,2,0.3,0.0,0.0,0.0,false,4.929633890034036,797615.3450408264,23.81804847255473,1.0529999158443137,7,0.8787877720438062,8.358551240475224,28.956000000000014,5.161550436269508,36.22140657031234
"(1, 9, 1, 8, 1, 4, 1, 7, 1, 2)",wing,2.54,10.1,0.9444444444444444,2,0.3,0.0,0.0,0.0,true,4.888815780933012,764882.4325003091,22.84576298486556,1.043546126186608,7,0.8679277813421316,8.198576274333197,28.956000000000014,5.055107949069949,35.474441747859295
"(1, 9, 1, 9, 1, 4, 1, 7, 1, 1)",wing,2.54,10.1,0.9722222222222222,2,0.3,0.0,0.0,0.0,false,4.939932259517509,791993.590736961,24.453376305965318,1.0566409084178747,7,0.8814240513075337,8.331446875430743,28.956000000000014,5.143516014391661,36.094849223801134
"(1, 9, 1, 9, 1, 4, 1, 7, 1, 2)",wing,2.54,10.1,0.9722222222222222,2,0.3,0.0,0.0,0.0,true,4.908974226795686,761559.588766186,23.519646825046685,1.0494728014314796,7,0.8731303811898925,8.182288040385043,28.956000000000014,5.044270252551915,35.39838773720643
"(1, 9, 1, 10, 1, 4, 1, 7, 1, 1)",wing,2.54,10.1,1.0,2,0.3,0.0,0.0,0.0,false,4.966899164585642,788165.2472128656,25.1501651813985,1.0641180103107768,7,0.8884270544759384,8.313027894878092,28.956000000000014,5.131260583751571,36.008846201765415
"(1, 9, 1, 10, 1, 4, 1, 7, 1, 2)",wing,2.54,10.1,1.0,2,0.3,0.0,0.0,0.0,true,4.944951488319418,759742.1410076183,24.249852751291264,1.0591361236358703,7,0.8824743256071836,8.173477426544038,28.956000000000014,5.038407937505956,35.357248684252326
"(1, 9, 1, 11, 1, 4, 1, 7, 1, 1)",wing,2.54,10.1,1.0277777777777777,2,0.3,0.0,0.0,0.0,false,5.0108704348203075,786051.1033997956,25.91351037420522,1.075554718142254,7,0.8999188281143734,8.30297305651438,28.956000000000014,5.1245703994706595,35.96189754014498
"(1, 9, 2, 1, 1, 4, 1, 7, 1, 1)",wing,2.54,6.666666666666667,0.75,2,0.3,0.0,0.0,0.0,false,5.575664869288775,776040.4778875147,23.474788099645956,1.170011427127502,7,1.051992430948072,6.817646654956461,28.956000000000014,4.13627929181928,29.026521346100214
"(1, 9, 2, 1, 1, 4, 1, 7, 1, 2)",wing,2.54,6.666666666666667,0.75,2,0.3,0.0,0.0,0.0,true,5.5591875681911045,758463.0313275706,22.984726844604555,1.165301910954806,7,1.0472938668001588,6.747230914086436,28.956000000000014,4.0894267949758,28.697731894567024
"(1, 9, 2, 2, 1, 4, 1, 7, 1, 1)",wing,2.54,6.666666666666667,0.7777777777777778,2,0.3,0.0,0.0,0.0,false,5.552732760330482,769772.738665242,24.21070283668672,1.1651009218984483,7,1.0456081657195868,6.792639748405317,28.956000000000014,4.119640455164626,28.909757580102646
"(1, 9, 2, 2, 1, 4, 1, 7, 1, 2)",wing,2.54,6.666666666666667,0.7777777777777778,2,0.3,0.0,0.0,0.0,true,5.542791124863527,753630.129492512,23.74203935627326,1.1618203410761863,7,1.0427316761187906,6.727738064022287,28.956000000000014,4.076456844154907,28.606714695823914
"(1, 9, 2, 3, 1, 4, 1, 7, 1, 1)",wing,2.54,6.666666666666667,0.8055555555555556,2,0.3,0.0,0.0,0.0,false,5.533022225497597,764222.7715975059,24.952004254608042,1.1610376100697966,7,1.0401298232343974,6.770406116502701,28.956000000000014,4.10484687129168,28.805942956432844
"(1, 9, 2, 3, 1, 4, 1, 7, 1, 2)",wing,2.54,6.666666666666667,0.8055555555555556,2,0.3,0.0,0.0,0.0,true,5.528899523631239,749348.4641247416,24.503281425220337,1.1590446085705346,7,1.0388701105193068,6.710411087731019,28.956000000000014,4.064928000007799,28.525810526370524
"(1, 9, 2, 4, 1, 4, 1, 7, 1, 1)",wing,2.54,6.666666666666667,0.8333333333333334,2,0.3,0.0,0.0,0.0,false,5.516970692484652,759351.1229976966,25.701537684102767,1.1579543790728672,7,1.0356726344814493,6.7508214571785645,28.956000000000014,4.091815833375621,28.71449707632015
"(1, 9, 2, 4, 1, 4, 1, 7, 1, 2)",wing,2.54,6.666666666666667,0.8333333333333334,2,0.3,0.0,0.0,0.0,true,5.518105187425132,745606.688045149,25.271594433012936,1.1571392986685087,7,1.0358693302580264,6.6952267888497055,28.956000000000014,4.054824828378598,28.45491107634104
"(1, 9, 2, 5, 1, 4, 1, 7, 1, 1)",wing,2.54,6.666666666666667,0.8611111111111112,2,0.3,0.0,0.0,0.0,false,5.505826445002928,755185.7200468073,26.46520245130982,1.156180144148184,7,1.0325753003588172,6.73403173829631,28.956000000000014,4.080644464002605,28.636101501772664
"(1, 9, 2, 5, 1, 4, 1, 7, 1, 2)",wing,2.54,6.666666666666667,0.8611111111111112,2,0.3,0.0,0.0,0.0,true,5.511796944131069,742454.0574989192,26.05307315458431,1.1564602591498918,7,1.0341089049847456,6.682409639286689,28.956000000000014,4.04629668606235,28.395064463595443
"(1, 9, 2, 6, 1, 4, 1, 7, 1, 1)",wing,2.54,6.666666666666667,0.8888888888888888,2,0.3,0.0,0.0,0.0,false,5.501027920369149,751773.2431716446,27.249959014880464,1.1560774283030013,7,1.0312290291685136,6.7202565242316625,28.956000000000014,4.071478854644414,28.571781436101155
"(1, 9, 2, 6, 1, 4, 1, 7, 1, 2)",wing,2.54,6.666666666666667,0.8888888888888888,2,0.3,0.0,0.0,0.0,true,5.511524908673159,739953.9775087795,26.854811876286494,1.1573910030410501,7,1.0340131732817195,6.672240861134007,28.956000000000014,4.03953068970395,28.347583787396143
"(1, 9, 2, 7, 1, 4, 1, 7, 1, 1)",wing,2.54,6.666666666666667,0.9166666666666666,2,0.3,0.0,0.0,0.0,false,5.504757626153482,749201.613419193,28.065264277873474,1.1581088449451247,7,1.032231593192692,6.709879761207002,28.956000000000014,4.0645744714645815,28.523329624312858
"(1, 9, 2, 7, 1, 4, 1, 7, 1, 2)",wing,2.54,6.666666666666667,0.9166666666666666,2,0.3,0.0,0.0,0.0,true,5.519528194820043,738204.9481954087,27.686209799293025,1.160403687357177,7,1.0361984843406578,6.665143074573218,28.956000000000014,4.034808037945605,28.314442371548104
"(1, 9, 2, 8, 1, 4, 1, 7, 1, 1)",wing,2.54,6.666666666666667,0.9444444444444444,2,0.3,0.0,0.0,0.0,false,5.519608632388707,747583.9488903948,28.92256474708939,1.1628018028359215,7,1.0362992092017258,6.703384287168664,28.956000000000014,4.060252580178372,28.493000562655244
"(1, 9, 2, 8, 1, 4, 1, 7, 1, 2)",wing,2.54,6.666666666666667,0.9444444444444444,2,0.3,0.0,0.0,0.0,true,5.538452948419272,737331.2824428664,28.55878659583841,1.1660498364391945,7,1.0413994783731553,6.6616412779231515,28.956000000000014,4.03247804873486,28.298091570069193
"(1, 9, 2, 9, 1, 4, 1, 7, 1, 1)",wing,2.54,6.666666666666667,0.9722222222222222,2,0.3,0.0,0.0,0.0,false,5.548000949497595,747030.5657687007,29.833930321767504,1.1706720113657183,7,1.0441119731555242,6.7012359164290745,28.956000000000014,4.058823119491718,28.48296925959101
"(1, 9, 2, 9, 1, 4, 1, 7, 1, 2)",wing,2.54,6.666666666666667,0.9722222222222222,2,0.3,0.0,0.0,0.0,true,5.570706724081323,737443.106581193,29.484115528291046,1.1748169806101056,7,1.0502971485182395,6.662197260619453,28.956000000000014,4.032847982746795,28.300687598223128
"(1, 9, 2, 10, 1, 4, 1, 7, 1, 1)",wing,2.54,6.666666666666667,1.0,2,0.3,0.0,0.0,0.0,false,5.591037730924126,747579.0174505714,30.807840243305407,1.181975730352803,7,1.056003611239323,6.703594932577296,28.956000000000014,4.0603927372401465,28.493984120983487
"(1, 9, 2, 10, 1, 4, 1, 7, 1, 2)",wing,2.54,6.666666666666667,1.0,2,0.3,0.0,0.0,0.0,true,5.617485852707843,738599.2314522496,30.471475939714722,1.187036881529142,7,1.063255212584721,6.667053070928165,28.956000000000014,4.0360788915514245,28.323360642466138
"(1, 9, 3, 1, 1, 4, 1, 7, 1, 1)",wing,2.54,7.333333333333333,0.75,2,0.3,0.0,0.0,0.0,false,5.394705223773503,784668.1401246798,22.265810665290786,1.1359973542172048,7,1.0024508592354557,7.157123384422693,28.956000000000014,4.362156804421325,30.611626697693513
"(1, 9, 3, 1, 1, 4, 1, 7, 1, 2)",wing,2.54,7.333333333333333,0.75,2,0.3,0.0,0.0,0.0,true,5.361922066084761,761926.8910904254,21.663643518242573,1.1277586897442538,7,0.9933605536327851,7.061941477162289,28.956000000000014,4.298825652119656,30.16719755873443
"(1, 9, 3, 2, 1, 4, 1, 7, 1, 1)",wing,2.54,7.333333333333333,0.7777777777777778,2,0.3,0.0,0.0,0.0,false,5.366310245216158,776830.2354820739,22.934341260289152,1.1298880107109128,7,0.9946739161520128,7.1244865343806225,28.956000000000014,4.340441234938079,30.459236736407576
"(1, 9, 3, 2, 1, 4, 1, 7, 1, 2)",wing,2.54,7.333333333333333,0.7777777777777778,2,0.3,0.0,0.0,0.0,true,5.341753024991391,756000.3728934808,22.359462398989606,1.123454376956249,7,0.9878483476453831,7.036916000166104,28.956000000000014,4.282174459254489,30.050347082487644
"(1, 9, 3, 3, 1, 4, 1, 7, 1, 1)",wing,2.54,7.333333333333333,0.8055555555555556,2,0.3,0.0,0.0,0.0,false,5.34194050450672,769929.4130437712,23.610099138002973,1.1247965750271318,7,0.9880141577833111,7.095609440260088,28.956000000000014,4.321227292935701,30.324402055689134
"(1, 9, 3, 3, 1, 4, 1, 7, 1, 2)",wing,2.54,7.333333333333333,0.8055555555555556,2,0.3,0.0,0.0,0.0,true,5.324622378892632,750770.5497383784,23.0600483768118,1.1199696926305676,7,0.9831729643773993,7.014745388368392,28.956000000000014,4.267422807046674,29.94682671611701
"(1, 9, 3, 4, 1, 4, 1, 7, 1, 1)",wing,2.54,7.333333333333333,0.8333333333333334,2,0.3,0.0,0.0,0.0,false,5.321879001495752,763886.3964876356,24.29542601866804,1.1208240240461917,7,0.9825400054903536,7.070213757441746,28.956000000000014,4.30432977635229,30.205822991945897
"(1, 9, 3, 4, 1, 4, 1, 7, 1, 2)",wing,2.54,7.333333333333333,0.8333333333333334,2,0.3,0.0,0.0,0.0,true,5.311031329800234,746201.2222911505,23.768234114333467,1.117449224835356,7,0.979465464151278,6.995310009300584,28.956000000000014,4.25449109568249,29.85607786443853
"(1, 9, 3, 5, 1, 4, 1, 7, 1, 1)",wing,2.54,7.333333333333333,0.8611111111111112,2,0.3,0.0,0.0,0.0,false,5.307258886818542,758699.64246832,24.995686526311196,1.1182719004000792,7,0.9785506086898254,7.048342574699692,28.956000000000014,4.289777355150379,30.103700737897398
"(1, 9, 3, 5, 1, 4, 1, 7, 1, 2)",wing,2.54,7.333333333333333,0.8611111111111112,2,0.3,0.0,0.0,0.0,true,5.3023071074125445,742323.7738886836,24.489745916218432,1.116233877383174,7,0.977080273975872,6.978777557556586,28.956000000000014,4.24349090405516,29.778883537229195
"(1, 9, 3, 6, 1, 4, 1, 7, 1, 1)",wing,2.54,7.333333333333333,0.8888888888888888,2,0.3,0.0,0.0,0.0,false,5.299436418655961,754393.625220724,25.71735456373187,1.1174836280070923,7,0.9764057001735874,7.030144177077493,28.956000000000014,4.277668693697476,30.018727675070007
"(1, 9, 3, 6, 1, 4, 1, 7, 1, 2)",wing,2.54,7.333333333333333,0.8888888888888888,2,0.3,0.0,0.0,0.0,true,5.299955615551126,739187.8210597857,25.231294910216732,1.116695645371512,7,0.9764204940686944,6.965391433051377,28.956000000000014,4.234584183080878,29.716380232146516
"(1, 9, 3, 7, 1, 4, 1, 7, 1, 1)",wing,2.54,7.333333333333333,0.9166666666666666,2,0.3,0.0,0.0,0.0,false,5.30052159322224,751039.2683748711,26.46932775896769,1.118906231416535,7,0.9766705860069199,7.015958651415802,28.956000000000014,4.2682300754556515,29.952491757583523
"(1, 9, 3, 7, 1, 4, 1, 7, 1, 2)",wing,2.54,7.333333333333333,0.9166666666666666,2,0.3,0.0,0.0,0.0,true,5.306163797747912,736880.6732578855,26.001773797548367,1.1192955185361622,7,0.9780754618726406,6.9555535088449725,28.956000000000014,4.22803832689685,29.67044439927614
"(1, 9, 3, 8, 1, 4, 1, 7, 1, 1)",wing,2.54,7.333333333333333,0.9444444444444444,2,0.3,0.0,0.0,0.0,false,5.313038191370036,748736.2859480795,27.26242611452698,1.1230547184931432,7,0.9800278515715132,7.006243705583652,28.956000000000014,4.261766045349434,29.907130142803048
"(1, 9, 3, 8, 1, 4, 1, 7, 1, 2)",wing,2.54,7.333333333333333,0.9444444444444444,2,0.3,0.0,0.0,0.0,true,5.323521522175358,735518.0235106065,26.8121132691208,1.1245778476701658,7,0.9827496332776028,6.949783389523787,28.956000000000014,4.224199064624776,29.643502207893167
"(1, 9, 3, 9, 1, 4, 1, 7, 1, 1)",wing,2.54,7.333333333333333,0.9722222222222222,2,0.3,0.0,0.0,0.0,false,5.339333280685538,747582.3755587216,28.107990429647998,1.130428122873256,7,0.9871238562952769,7.0014415966004195,28.956000000000014,4.258570867776934,29.88470784404866
"(1, 9, 3, 9, 1, 4, 1, 7, 1, 2)",wing,2.54,7.333333333333333,0.9722222222222222,2,0.3,0.0,0.0,0.0,true,5.354364959241809,735199.3280051965,27.673109750266946,1.1330084540865895,7,0.9910911148837875,6.9485249738809065,28.956000000000014,4.223361753049164,29.63762633718712
"(1, 9, 3, 10, 1, 4, 1, 7, 1, 1)",wing,2.54,7.333333333333333,1.0,2,0.3,0.0,0.0,0.0,false,5.380452646412429,747604.8945579403,29.01401185073226,1.1412783487759757,7,0.9982698259923766,7.001683200637351,28.956000000000014,4.258731623770378,29.885835956283355
"(1, 9, 3, 10, 1, 4, 1, 7, 1, 2)",wing,2.54,7.333333333333333,1.0,2,0.3,0.0,0.0,0.0,true,5.399854012552931,735979.6901982168,28.59371207620996,1.144932062277654,7,1.0034468153758895,6.952020482424694,28.956000000000014,4.225687558344836,29.6539477778585
"(1, 9, 4, 1, 1, 4, 1, 7, 1, 1)",wing,2.54,8.0,0.75,2,0.3,0.0,0.0,0.0,false,5.276310447738732,799835.0604916861,21.416390086978396,1.1146639746508178,7,0.9705517866191925,7.514254455560216,28.956000000000014,4.599780980158744,32.279164773043824
"(1, 9, 4, 1, 1, 4, 1, 7, 1, 2)",wing,2.54,8.0,0.75,2,0.3,0.0,0.0,0.0,true,5.2233035252889355,770564.005779883,20.673418455075893,1.1020150924925283,7,0.9560875896053047,7.3872568594811225,28.956000000000014,4.5152806341294625,31.686179888627812
"(1, 9, 4, 2, 1, 4, 1, 7, 1, 1)",wing,2.54,8.0,0.7777777777777778,2,0.3,0.0,0.0,0.0,false,5.240688170243068,789917.5464750814,22.019912592748152,1.1069636120452286,7,0.9609032938712629,7.471501220493266,28.956000000000014,4.571334275114197,32.07953877273121
"(1, 9, 4, 2, 1, 4, 1, 7, 1, 2)",wing,2.54,8.0,0.7777777777777778,2,0.3,0.0,0.0,0.0,true,5.198297721408412,763236.4629911733,21.31413873381224,1.0966494612895221,7,0.9493422607018114,7.355103159401406,28.956000000000014,4.493886537967473,31.536045880473498
"(1, 9, 4, 3, 1, 4, 1, 7, 1, 1)",wing,2.54,8.0,0.8055555555555556,2,0.3,0.0,0.0,0.0,false,5.210233217193056,781252.0196762872,22.63394197669112,1.1005234604272138,7,0.9526784633560746,7.43391910531648,28.956000000000014,4.54632827630007,31.904058079298736
"(1, 9, 4, 3, 1, 4, 1, 7, 1, 2)",wing,2.54,8.0,0.8055555555555556,2,0.3,0.0,0.0,0.0,true,5.177100721743214,756816.2454191322,21.961600969038372,1.0922666165685262,7,0.9436351922680815,7.326798016226015,28.956000000000014,4.4750531547651695,31.403881787825753
"(1, 9, 4, 4, 1, 4, 1, 7, 1, 1)",wing,2.54,8.0,0.8333333333333334,2,0.3,0.0,0.0,0.0,false,5.184978290090165,773695.6710726477,23.25995587469518,1.0953901416601117,7,0.9458729434941088,7.400975294751331,28.956000000000014,4.5244084646010805,31.750234839305833
"(1, 9, 4, 4, 1, 4, 1, 7, 1, 2)",wing,2.54,8.0,0.8333333333333334,2,0.3,0.0,0.0,0.0,true,5.160034142011337,751221.73346893,22.617892376017917,1.0889723659701418,7,0.9390451203425425,7.302033771397198,28.956000000000014,4.458575777855724,31.28825107267175
"(1, 9, 4, 5, 1, 4, 1, 7, 1, 1)",wing,2.54,8.0,0.8611111111111112,2,0.3,0.0,0.0,0.0,false,5.165877285100599,767202.2379963208,23.90263277612961,1.0918289308547517,7,0.9407302379506022,7.372543737868185,28.956000000000014,4.505490969554318,31.617480488100476
"(1, 9, 4, 5, 1, 4, 1, 7, 1, 2)",wing,2.54,8.0,0.8611111111111112,2,0.3,0.0,0.0,0.0,true,5.148297495702609,746452.0853816125,23.288069186321575,1.08707946773815,7,0.9358853785109431,7.280855303319849,28.956000000000014,4.444484267967681,31.18936328398373
"(1, 9, 4, 6, 1, 4, 1, 7, 1, 1)",wing,2.54,8.0,0.8888888888888888,2,0.3,0.0,0.0,0.0,false,5.154150356285186,761761.6053848587,24.56780981276416,1.090151847662634,7,0.9375657141574197,7.348646228501543,28.956000000000014,4.489590292115813,31.505896786777637
"(1, 9, 4, 6, 1, 4, 1, 7, 1, 2)",wing,2.54,8.0,0.8888888888888888,2,0.3,0.0,0.0,0.0,true,5.1433222850984945,742536.7738821298,23.97843192914651,1.0869432422587728,7,0.9345316442167378,7.263437575645544,28.956000000000014,4.432895040604623,31.108035372664023
"(1, 9, 4, 7, 1, 4, 1, 7, 1, 1)",wing,2.54,8.0,0.9166666666666666,2,0.3,0.0,0.0,0.0,false,5.151841065450594,757426.7594915633,25.264154188890636,1.090792072809037,7,0.9369164131672281,7.329573488583775,28.956000000000014,4.476899869835897,31.416841191830862
"(1, 9, 4, 7, 1, 4, 1, 7, 1, 2)",wing,2.54,8.0,0.9166666666666666,2,0.3,0.0,0.0,0.0,true,5.147233016065955,739547.851128251,24.697412235748548,1.0890116129815404,7,0.9355463501785247,7.250140351092598,28.956000000000014,4.424047470960445,31.0459471646347
"(1, 9, 4, 8, 1, 4, 1, 7, 1, 1)",wing,2.54,8.0,0.9444444444444444,2,0.3,0.0,0.0,0.0,false,5.161375824815318,754274.4353140859,26.001740021880376,1.094244541320128,7,0.939426827436353,7.315713747676422,28.956000000000014,4.467678018881977,31.35212644829458
"(1, 9, 4, 8, 1, 4, 1, 7, 1, 2)",wing,2.54,8.0,0.9444444444444444,2,0.3,0.0,0.0,0.0,true,5.1625634641347,737589.6065246786,25.455442684765696,1.0938207294677407,7,0.9396071745112077,7.241462400239102,28.956000000000014,4.418273425840025,31.005427549754565
"(1, 9, 4, 9, 1, 4, 1, 7, 1, 1)",wing,2.54,8.0,0.9722222222222222,2,0.3,0.0,0.0,0.0,false,5.185005333483755,752380.8386509839,26.791032368560455,1.1009890175235297,7,0.9457062175557434,7.307443366041,28.956000000000014,4.46217515794946,31.313509880347087
"(1, 9, 4, 9, 1, 4, 1, 7, 1, 2)",wing,2.54,8.0,0.9722222222222222,2,0.3,0.0,0.0,0.0,true,5.191592862420337,736750.6280537911,26.262759965494727,1.1018242202472475,7,0.9473361788184425,7.237824753964378,28.956000000000014,4.415853046412096,30.98844243096208
"(1, 9, 4, 10, 1, 4, 1, 7, 1, 1)",wing,2.54,8.0,1.0,2,0.3,0.0,0.0,0.0,false,5.223709615189197,751757.8640923214,27.6394845323546,1.1112625041131403,7,0.9560421396406263,7.304839377235202,28.956000000000014,4.4604425428296475,31.301351177751915
"(1, 9, 4, 10, 1, 4, 1, 7, 1, 2)",wing,2.54,8.0,1.0,2,0.3,0.0,0.0,0.0,true,5.2354212286394,737075.2006802935,27.12776683307162,1.113352256274476,7,0.9590585176326436,7.2394372819533155,28.956000000000014,4.416925973595398,30.99597174452911
"(1, 9, 5, 1, 1, 4, 1, 7, 1, 1)",wing,2.54,8.666666666666666,0.75,2,0.3,0.0,0.0,0.0,false,5.209839766646028,821714.7094128452,20.864322804315815,1.1039664621754008,7,0.9529038929108682,7.893877215616331,28.956000000000014,4.852370443075458,34.051722407547075
"(1, 9, 5, 1, 1, 4, 1, 7, 1, 2)",wing,2.54,8.666666666666666,0.75,2,0.3,0.0,0.0,0.0,true,5.131751695986456,784220.0517973388,19.945812890524348,1.0858092577242497,7,0.9317979176721708,7.726423319629451,28.956000000000014,4.74095170294411,33.26983651188849
"(1, 9, 5, 2, 1, 4, 1, 7, 1, 1)",wing,2.54,8.666666666666666,0.7777777777777778,2,0.3,0.0,0.0,0.0,false,5.16478749068826,809061.8861285931,21.4004661007012,1.094181708054296,7,0.940780763598901,7.837816098443455,28.956000000000014,4.8150690771744395,33.789958436311856
"(1, 9, 5, 2, 1, 4, 1, 7, 1, 2)",wing,2.54,8.666666666666666,0.7777777777777778,2,0.3,0.0,0.0,0.0,true,5.1006549788880475,775117.4025878913,20.534731373874436,1.079101782362584,7,0.9234842209670717,7.6851859465350225,28.956000000000014,4.713513606449373,33.077288466311394
"(1, 9, 5, 3, 1, 4, 1, 7, 1, 1)",wing,2.54,8.666666666666666,0.8055555555555556,2,0.3,0.0,0.0,0.0,false,5.126524468577831,798113.2898299029,21.952613437779284,1.086005705448004,7,0.9305237650065431,7.7889452850631855,28.956000000000014,4.782551921189902,33.561767867999315
"(1, 9, 5, 3, 1, 4, 1, 7, 1, 2)",wing,2.54,8.666666666666666,0.8055555555555556,2,0.3,0.0,0.0,0.0,true,5.074291058758761,767184.1336071682,21.132386606505833,1.0735730206989549,7,0.916453642736949,7.649042294025318,28.956000000000014,4.689464717036302,32.90852433007932
"(1, 9, 5, 4, 1, 4, 1, 7, 1, 1)",wing,2.54,8.666666666666666,0.8333333333333334,2,0.3,0.0,0.0,0.0,false,5.094696819992905,788626.6370587958,22.520807962462072,1.0794013789735912,7,0.9220175139940422,7.746326703399377,28.956000000000014,4.75419481043305,33.36277059953017
"(1, 9, 5, 4, 1, 4, 1, 7, 1, 2)",wing,2.54,8.666666666666666,0.8333333333333334,2,0.3,0.0,0.0,0.0,true,5.052800482082557,760290.41046241,21.740477606310023,1.0692900341092442,7,0.9107325223212944,7.6174813215110655,28.956000000000014,4.668465003806975,32.76115792145246
"(1, 9, 5, 5, 1, 4, 1, 7, 1, 1)",wing,2.54,8.666666666666666,0.8611111111111112,2,0.3,0.0,0.0,0.0,false,5.06997316038143,780484.3812462745,23.108594239946093,1.074569750452207,7,0.9154216654232671,7.709550521849706,28.956000000000014,4.729725055394162,33.191053020309916
"(1, 9, 5, 5, 1, 4, 1, 7, 1, 2)",wing,2.54,8.666666666666666,0.8611111111111112,2,0.3,0.0,0.0,0.0,true,5.037249175037671,754400.7413976638,22.36370653617064,1.0665369585507647,7,0.9065927378204318,7.590411649858556,28.956000000000014,4.650453665859195,32.63476256743295
"(1, 9, 5, 6, 1, 4, 1, 7, 1, 1)",wing,2.54,8.666666666666666,0.8888888888888888,2,0.3,0.0,0.0,0.0,false,5.053373467747683,773625.2224888052,23.720969627113007,1.0717818030155988,7,0.9109908143748169,7.6784389151657235,28.956000000000014,4.709024336549955,33.04578481789443
"(1, 9, 5, 6, 1, 4, 1, 7, 1, 2)",wing,2.54,8.666666666666666,0.8888888888888888,2,0.3,0.0,0.0,0.0,true,5.02895301999384,749514.5337332073,23.007868648331105,1.0656438603480514,7,0.904372834742656,7.5678928814464825,28.956000000000014,4.635470360806804,32.52961656706529
"(1, 9, 5, 7, 1, 4, 1, 7, 1, 1)",wing,2.54,8.666666666666666,0.9166666666666666,2,0.3,0.0,0.0,0.0,false,5.046776106919091,768058.5909002642,24.365582337529723,1.071436702678644,7,0.9092089361695308,7.653118927942709,28.956000000000014,4.6921771855183,32.927559196619654
"(1, 9, 5, 7, 1, 4, 1, 7, 1, 2)",wing,2.54,8.666666666666666,0.9166666666666666,2,0.3,0.0,0.0,0.0,true,5.029955422221381,745682.1413929663,23.680933759886724,1.067041802326063,7,0.9046053884982346,7.550211319022285,28.956000000000014,4.623705585808602,32.44705674251651
"(1, 9, 5, 8, 1, 4, 1, 7, 1, 1)",wing,2.54,8.666666666666666,0.9444444444444444,2,0.3,0.0,0.0,0.0,false,5.052518980034046,763836.4870211354,25.05199692616565,1.0740080671847254,7,0.9106868297435177,7.6338991239672005,28.956000000000014,4.679388911277788,32.83781692124764
"(1, 9, 5, 8, 1, 4, 1, 7, 1, 2)",wing,2.54,8.666666666666666,0.9444444444444444,2,0.3,0.0,0.0,0.0,true,5.042725528771789,742991.6761803243,24.392866639414674,1.071255261830955,7,0.9079412168888378,7.537820629270162,28.956000000000014,4.615461196907384,32.38920138180621
"(1, 9, 5, 9, 1, 4, 1, 7, 1, 1)",wing,2.54,8.666666666666666,0.9722222222222222,2,0.3,0.0,0.0,0.0,false,5.0727985959560185,761019.550899317,25.79041104546758,1.0799682950722769,7,0.9160098393055114,7.621114590798974,28.956000000000014,4.670882470920719,32.778122602952415
"(1, 9, 5, 9, 1, 4, 1, 7, 1, 2)",wing,2.54,8.666666666666666,0.9722222222222222,2,0.3,0.0,0.0,0.0,true,5.069486156104546,741518.1428776621,25.15344431808691,1.0787276892387163,7,0.9149786266906921,7.5311041758017305,28.956000000000014,4.61099227261516,32.35784050958007
"(1, 9, 5, 10, 1, 4, 1, 7, 1, 1)",wing,2.54,8.666666666666666,1.0,2,0.3,0.0,0.0,0.0,false,5.108509793452103,759596.4191235034,26.58762515403677,1.089526352863314,7,0.925437228074366,7.614752087337451,28.956000000000014,4.666649054220639,32.74841441558343
"(1, 9, 5, 10, 1, 4, 1, 7, 1, 2)",wing,2.54,8.666666666666666,1.0,2,0.3,0.0,0.0,0.0,true,5.111270085954257,741290.6288222397,25.97050860486347,1.0897665356971402,7,0.9260199230724028,7.530217249180956,28.956000000000014,4.610402138560092,32.35369921796556
"(1, 9, 5, 11, 1, 4, 1, 7, 1, 1)",wing,2.54,8.666666666666666,1.0277777777777777,2,0.3,0.0,0.0,0.0,false,5.1601126302632405,759537.2237213823,27.449381892408027,1.1027925544565782,7,0.9391331044667091,7.614694080755384,28.956000000000014,4.6666104584014425,32.74814356772942
"(1, 9, 6, 1, 1, 4, 1, 7, 1, 1)",wing,2.54,9.333333333333334,0.75,2,0.3,0.0,0.0,0.0,false,5.190726124729001,851217.507469446,20.58780518845869,1.1030990315018436,7,0.9480387749765631,8.303244932314742,28.956000000000014,5.1247512973767355,35.96316699913499
"(1, 9, 6, 1, 1, 4, 1, 7, 1, 2)",wing,2.54,9.333333333333334,0.75,2,0.3,0.0,0.0,0.0,true,5.080071390304698,803034.4454123656,19.438202982057028,1.0777576320888824,7,0.9182690612922023,8.08318936742086,28.956000000000014,4.978333003225553,34.935670198074064
"(1, 9, 6, 2, 1, 4, 1, 7, 1, 1)",wing,2.54,9.333333333333334,0.7777777777777778,2,0.3,0.0,0.0,0.0,false,5.1329365158600355,834853.327527591,21.045147141419264,1.0905010669734942,7,0.9325233101225805,8.22923615530826,28.956000000000014,5.075508103337403,35.61760072517476
"(1, 9, 6, 2, 1, 4, 1, 7, 1, 2)",wing,2.54,9.333333333333334,0.7777777777777778,2,0.3,0.0,0.0,0.0,true,5.041084103384371,791627.9220816545,19.973503284601353,1.0693083263352332,7,0.9079009311884896,8.030154556228752,28.956000000000014,4.943045249475162,34.68803683842219
"(1, 9, 6, 3, 1, 4, 1, 7, 1, 1)",wing,2.54,9.333333333333334,0.8055555555555556,2,0.3,0.0,0.0,0.0,false,5.084331052988415,820866.1749431225,21.52791952596943,1.0800266711379856,7,0.9195382868417098,8.165395215728573,28.956000000000014,5.033030279726016,35.31951073491941
"(1, 9, 6, 3, 1, 4, 1, 7, 1, 2)",wing,2.54,9.333333333333334,0.8055555555555556,2,0.3,0.0,0.0,0.0,true,5.008193307581777,781775.2395206572,20.521629585837374,1.0623303577738472,7,0.8991829130199238,7.984029939012185,28.956000000000014,4.9123553290703645,34.472668975932386
"(1, 9, 6, 4, 1, 4, 1, 7, 1, 1)",wing,2.54,9.333333333333334,0.8333333333333334,2,0.3,0.0,0.0,0.0,false,5.043938852712595,808851.8988548317,22.033599670065755,1.0715041422979,7,0.9087907368126132,8.11012197850095,28.956000000000014,4.996253145228259,35.06142558054919
"(1, 9, 6, 4, 1, 4, 1, 7, 1, 2)",wing,2.54,9.333333333333334,0.8333333333333334,2,0.3,0.0,0.0,0.0,true,4.981210528096821,773260.6506323074,21.08316201610858,1.0568183030919454,7,0.8920484604916012,7.94393348393051,28.956000000000014,4.88567636479423,34.285448173994595
"(1, 9, 6, 5, 1, 4, 1, 7, 1, 1)",wing,2.54,9.333333333333334,0.8611111111111112,2,0.3,0.0,0.0,0.0,false,5.011994515957693,798581.3694569287,22.563932690065677,1.065042394638355,7,0.9003148100130668,8.062552961350592,28.956000000000014,4.964602164945336,34.83931343821288
"(1, 9, 6, 5, 1, 4, 1, 7, 1, 2)",wing,2.54,9.333333333333334,0.8611111111111112,2,0.3,0.0,0.0,0.0,true,4.960965921785271,765988.5541823261,21.661953249585373,1.0530058113284608,7,0.8867010454048312,7.9095215450817085,28.956000000000014,4.862779705093278,34.12476986030371
"(1, 9, 6, 6, 1, 4, 1, 7, 1, 1)",wing,2.54,9.333333333333334,0.8888888888888888,2,0.3,0.0,0.0,0.0,false,4.9892082158221704,789912.8200771679,23.12257559294992,1.0608462752530627,7,0.8942742901870219,8.022184625140769,28.956000000000014,4.937742299218177,34.650823152408265
"(1, 9, 6, 6, 1, 4, 1, 7, 1, 2)",wing,2.54,9.333333333333334,0.8888888888888888,2,0.3,0.0,0.0,0.0,true,4.948606884462933,759914.4225167737,22.263128461893714,1.0511873823374507,7,0.8834287632402142,7.880673431988292,28.956000000000014,4.843585046186764,33.99007049955624
"(1, 9, 6, 7, 1, 4, 1, 7, 1, 1)",wing,2.54,9.333333333333334,0.9166666666666666,2,0.3,0.0,0.0,0.0,false,4.977256925647679,782799.3911045204,23.716207269843963,1.0592728656654393,7,0.8910909345132665,7.988924674712128,28.956000000000014,4.9156121376489255,34.49552377297492
"(1, 9, 6, 7, 1, 4, 1, 7, 1, 2)",wing,2.54,9.333333333333334,0.9166666666666666,2,0.3,0.0,0.0,0.0,true,4.946065721130797,755057.3602685466,22.894112467747295,1.0517708187114374,7,0.8827276271926768,7.8575560069956,28.956000000000014,4.828203413214971,33.88212921554366
"(1, 9, 6, 8, 1, 4, 1, 7, 1, 1)",wing,2.54,9.333333333333334,0.9444444444444444,2,0.3,0.0,0.0,0.0,false,4.978334085805799,777251.0770558385,24.353580980176922,1.060763214325724,7,0.8913280932624671,7.962925048460861,28.956000000000014,4.898312775435048,34.37412473989508
"(1, 9, 6, 8, 1, 4, 1, 7, 1, 2)",wing,2.54,9.333333333333334,0.9444444444444444,2,0.3,0.0,0.0,0.0,true,4.955729758588396,751482.285950613,23.564366662714974,1.0552636415910177,7,0.8852187716214842,7.840543397095005,28.956000000000014,4.816883738923137,33.80269290472377
"(1, 9, 6, 9, 1, 4, 1, 7, 1, 1)",wing,2.54,9.333333333333334,0.9722222222222222,2,0.3,0.0,0.0,0.0,false,4.994533477166434,773297.923129041,25.0442882231606,1.0657740710731296,7,0.8955351507711351,7.944412030640403,28.956000000000014,4.885994775251007,34.2876826333404
"(1, 9, 6, 9, 1, 4, 1, 7, 1, 2)",wing,2.54,9.333333333333334,0.9722222222222222,2,0.3,0.0,0.0,0.0,true,4.979752729890737,749245.0464985799,24.28318406219801,1.0620942043372725,7,0.8914748205215592,7.8299534769535635,28.956000000000014,4.809837527467157,33.75324580678707
"(1, 9, 6, 10, 1, 4, 1, 7, 1, 1)",wing,2.54,9.333333333333334,1.0,2,0.3,0.0,0.0,0.0,false,5.026636351728515,770894.8793918347,25.794288694185386,1.0744710582719375,7,0.9039357525692069,7.933233284972872,28.956000000000014,4.87855677716094,34.23548615551537
"(1, 9, 6, 10, 1, 4, 1, 7, 1, 2)",wing,2.54,9.333333333333334,1.0,2,0.3,0.0,0.0,0.0,true,5.019104652213658,748357.344177336,25.057944546976906,1.0725541019209917,7,0.9017769461905459,7.8258742116492686,28.956000000000014,4.807123308140175,33.734198653615266
"(1, 9, 6, 11, 1, 4, 1, 7, 1, 1)",wing,2.54,9.333333333333334,1.0277777777777777,2,0.3,0.0,0.0,0.0,false,5.075054176963808,769993.4168895091,26.609052642197952,1.0869696687684087,7,0.9166772062026003,7.929194796187151,28.956000000000014,4.875869689291839,34.216629398539226
"(1, 9, 7, 1, 1, 4, 1, 7, 1, 1)",wing,2.54,10.0,0.75,2,0.3,0.0,0.0,0.0,false,5.219369148565797,890082.9756861142,20.59913293220118,1.1122949195858127,7,0.9560122794212194,8.752760762985115,28.956000000000014,5.423845488211886,38.06207360148692
"(1, 9, 7, 1, 1, 4, 1, 7, 1, 2)",wing,2.54,10.0,0.75,2,0.3,0.0,0.0,0.0,true,5.065055931523525,827638.720055771,19.13350811731988,1.077305577347036,7,0.9145051753433914,8.463021544075731,28.956000000000014,5.231061805591246,36.7092056532719
"(1, 9, 7, 2, 1, 4, 1, 7, 1, 1)",wing,2.54,10.0,0.7777777777777778,2,0.3,0.0,0.0,0.0,false,5.143882757736977,868542.3797243787,20.953885473151715,1.0957858219880168,7,0.9357042275563644,8.654008449165492,28.956000000000014,5.358138695748245,37.60097330349646
"(1, 9, 7, 2, 1, 4, 1, 7, 1, 2)",wing,2.54,10.0,0.7777777777777778,2,0.3,0.0,0.0,0.0,true,5.0156644113797,813190.5451060239,19.608116780909803,1.0665548141362693,7,0.9013950473778675,8.394462691663977,28.956000000000014,5.185444825970973,36.38908649804192
"(1, 9, 7, 3, 1, 4, 1, 7, 1, 1)",wing,2.54,10.0,0.8055555555555556,2,0.3,0.0,0.0,0.0,false,5.081253398578128,850416.9076342189,21.350718134846183,1.0821978571439879,7,0.918964099689986,8.56995514623834,28.956000000000014,5.3022121790146155,37.208506519400814
"(1, 9, 7, 3, 1, 4, 1, 7, 1, 2)",wing,2.54,10.0,0.8055555555555556,2,0.3,0.0,0.0,0.0,true,4.974317752311686,800847.5838103481,20.102273474218123,1.057694154293422,7,0.8904670915204507,8.335403574745287,28.956000000000014,5.146148682028966,36.1133240844138
"(1, 9, 7, 4, 1, 4, 1, 7, 1, 1)",wing,2.54,10.0,0.8333333333333334,2,0.3,0.0,0.0,0.0,false,5.029491688329136,835029.4365895598,21.782306731033632,1.0711367102230733,7,0.9052020186575955,8.497892264410867,28.956000000000014,5.254263724569098,36.872026137327005
"(1, 9, 7, 4, 1, 4, 1, 7, 1, 2)",wing,2.54,10.0,0.8333333333333334,2,0.3,0.0,0.0,0.0,true,4.9403334632376135,790262.8032293711,20.61475828003534,1.0506150915038024,7,0.8815149609813835,8.2843923639248,28.956000000000014,5.112207370549187,35.87513944245043
"(1, 9, 7, 5, 1, 4, 1, 7, 1, 1)",wing,2.54,10.0,0.8611111111111112,2,0.3,0.0,0.0,0.0,false,4.988133336522632,821966.5170350436,22.247153253281986,1.0625581311837067,7,0.8942497767244971,8.43620192680291,28.956000000000014,5.213216846238513,36.58397786834045
"(1, 9, 7, 5, 1, 4, 1, 7, 1, 2)",wing,2.54,10.0,0.8611111111111112,2,0.3,0.0,0.0,0.0,true,4.914185976596378,781248.2948790309,21.148076256520675,1.0454730393704905,7,0.8746408808690835,8.24068794096369,28.956000000000014,5.083127773948604,35.671072097884945
"(1, 9, 7, 6, 1, 4, 1, 7, 1, 1)",wing,2.54,10.0,0.8888888888888888,2,0.3,0.0,0.0,0.0,false,4.957403843203802,810957.4541905051,22.746638934259963,1.0565611279803426,7,0.8861307151778148,8.383850061708051,28.956000000000014,5.178383504093684,36.33953336206095
"(1, 9, 7, 6, 1, 4, 1, 7, 1, 2)",wing,2.54,10.0,0.8888888888888888,2,0.3,0.0,0.0,0.0,true,4.896770318103588,773693.2038065203,21.70634132147894,1.0425065843083887,7,0.8700600197882536,8.203885910763956,28.956000000000014,5.058640820002476,35.49923382457878
"(1, 9, 7, 7, 1, 4, 1, 7, 1, 1)",wing,2.54,10.0,0.9166666666666666,2,0.3,0.0,0.0,0.0,false,4.938671311610656,801867.5751196065,23.28592364910302,1.0534390006758287,7,0.8811745312405578,8.340389927582228,28.956000000000014,5.149466449869886,36.13660666575359
"(1, 9, 7, 7, 1, 4, 1, 7, 1, 2)",wing,2.54,10.0,0.9166666666666666,2,0.3,0.0,0.0,0.0,true,4.889860223052687,767570.7446805775,22.29626056934341,1.0420905271306158,7,0.8682198618570331,8.173965514353625,28.956000000000014,5.038732696320895,35.35952769347997
"(1, 9, 7, 8, 1, 4, 1, 7, 1, 1)",wing,2.54,10.0,0.9444444444444444,2,0.3,0.0,0.0,0.0,false,4.933915632428353,794643.0108301841,23.872607754970414,1.0535867163359407,7,0.8798785108093135,8.30572128602265,28.956000000000014,5.12639898797616,35.97472974018358
"(1, 9, 7, 8, 1, 4, 1, 7, 1, 2)",wing,2.54,10.0,0.9444444444444444,2,0.3,0.0,0.0,0.0,true,4.895730098132934,762911.9523121243,22.926680734540618,1.0447071367900713,7,0.8697045401154568,8.151169944580767,28.956000000000014,5.0235652160440125,35.25308923539658
"(1, 9, 7, 9, 1, 4, 1, 7, 1, 1)",wing,2.54,10.0,0.9722222222222222,2,0.3,0.0,0.0,0.0,false,4.945070036907922,789265.1705664847,24.515346409669206,1.0574260058227682,7,0.882740917144962,8.27988105495371,28.956000000000014,5.109205682478929,35.854074964764415
"(1, 9, 7, 9, 1, 4, 1, 7, 1, 2)",wing,2.54,10.0,0.9722222222222222,2,0.3,0.0,0.0,0.0,true,4.916442053471779,759745.3302389298,23.606334201003097,1.0507630803387822,7,0.8750557624030074,8.135711711412991,28.956000000000014,5.013279776854558,35.180910714768835
"(1, 9, 7, 10, 1, 4, 1, 7, 1, 1)",wing,2.54,10.0,1.0,2,0.3,0.0,0.0,0.0,false,4.9727767958961335,785644.2431579357,25.21914697502867,1.0650783014728848,7,0.8899424073589336,8.262527286630778,28.956000000000014,5.097659011727093,35.773045696330485
"(1, 9, 7, 10, 1, 4, 1, 7, 1, 2)",wing,2.54,10.0,1.0,2,0.3,0.0,0.0,0.0,true,4.952899245127549,758061.1359106683,24.342194177136044,1.0605392810855214,7,0.8845328029022274,8.12759165865134,28.956000000000014,5.007876940192136,35.14299607152377
"(1, 9, 7, 11, 1, 4, 1, 7, 1, 1)",wing,2.54,10.0,1.0277777777777777,2,0.3,0.0,0.0,0.0,false,5.017383799418369,783705.8457837251,25.989165585608177,1.076666330744462,7,0.9016089834391865,8.253358874166818,28.956000000000014,5.091558628336676,35.73023598832756
"(1, 9, 8, 1, 1, 4, 1, 7, 1, 1)",wing,2.54,10.1,0.75,2,0.3,0.0,0.0,0.0,false,5.228062693919079,896881.8026035836,20.628285854024654,1.1146114565675531,7,0.958395791036404,8.824511506166454,28.956000000000014,5.471586255075735,38.397096526847264
"(1, 9, 8, 1, 1, 4, 1, 7, 1, 2)",wing,2.54,10.1,0.75,2,0.3,0.0,0.0,0.0,true,5.065917260342084,831889.8784807097,19.10518526117443,1.077888762591759,7,0.9147666359883941,8.522408788464103,28.956000000000014,5.270576275592847,36.986500179598934
"(1, 9, 8, 2, 1, 4, 1, 7, 1, 1)",wing,2.54,10.1,0.7777777777777778,2,0.3,0.0,0.0,0.0,false,5.149342722571033,874393.5022867649,20.964464661957493,1.0973874385308378,7,0.9372031252155224,8.721268399990644,28.956000000000014,5.402891425674709,37.91502754859445
"(1, 9, 8, 2, 1, 4, 1, 7, 1, 2)",wing,2.54,10.1,0.7777777777777778,2,0.3,0.0,0.0,0.0,true,5.0146899365477156,816904.5963643692,19.569683117960636,1.0667326487739865,7,0.9011691440582031,8.451117971186463,28.956000000000014,5.223141529466479,36.65362476818582
"(1, 9, 8, 3, 1, 4, 1, 7, 1, 1)",wing,2.54,10.1,0.8055555555555556,2,0.3,0.0,0.0,0.0,false,5.0841896393866355,855521.6481301127,21.346183661432903,1.083239307157179,7,0.9197810699321587,8.633594649309703,28.956000000000014,5.344555972887001,37.50565595008422
"(1, 9, 8, 3, 1, 4, 1, 7, 1, 2)",wing,2.54,10.1,0.8055555555555556,2,0.3,0.0,0.0,0.0,true,4.9718670707105,804126.4852744896,20.05505866113608,1.0575437797052318,7,0.8898528503886697,8.389803480577315,28.956000000000014,5.182344728321871,36.36733142682015
"(1, 9, 8, 4, 1, 4, 1, 7, 1, 1)",wing,2.54,10.1,0.8333333333333334,2,0.3,0.0,0.0,0.0,false,5.030408245229384,839533.3554994535,21.76507599151543,1.0717275221231635,7,0.905479140820229,8.558556833887526,28.956000000000014,5.29462808791738,37.15528482749039
"(1, 9, 8, 4, 1, 4, 1, 7, 1, 2)",wing,2.54,10.1,0.8333333333333334,2,0.3,0.0,0.0,0.0,true,4.936671097891158,793183.0808766158,20.55972231868394,1.0501933159944803,7,0.8805844107806636,8.336903085893569,28.956000000000014,5.1471464112365775,36.120325692888265
"(1, 9, 8, 5, 1, 4, 1, 7, 1, 1)",wing,2.54,10.1,0.8611111111111112,2,0.3,0.0,0.0,0.0,false,4.987396891258471,825978.3891434048,22.21896602162471,1.062777854445214,7,0.8940891695775798,8.494386880062684,28.956000000000014,5.251931348212914,36.85565858395028
"(1, 9, 8, 5, 1, 4, 1, 7, 1, 2)",wing,2.54,10.1,0.8611111111111112,2,0.3,0.0,0.0,0.0,true,4.9095104199884885,783869.0905919735,21.08592359517495,1.0448228845807292,7,0.8734472661772698,8.291600408218265,28.956000000000014,5.117003384456512,35.90879568039658
"(1, 9, 8, 6, 1, 4, 1, 7, 1, 1)",wing,2.54,10.1,0.8888888888888888,2,0.3,0.0,0.0,0.0,false,4.955287101302862,814560.7229520745,22.70877088188262,1.056468889715013,7,0.8856072034898858,8.43994623668591,28.956000000000014,5.215708196394127,36.60146102732721
"(1, 9, 8, 6, 1, 4, 1, 7, 1, 2)",wing,2.54,10.1,0.8888888888888888,2,0.3,0.0,0.0,0.0,true,4.891233872430218,776061.3155059203,21.63759097153686,1.041661469721195,7,0.8686433527833415,8.253437664933978,28.956000000000014,5.091611053321831,35.73060388296022
"(1, 9, 8, 7, 1, 4, 1, 7, 1, 1)",wing,2.54,10.1,0.9166666666666666,2,0.3,0.0,0.0,0.0,false,4.935385855424004,805128.2765546986,23.23933289608484,1.0530803244917777,7,0.8803449464166795,8.394716865333733,28.956000000000014,5.185613945416609,36.39027330116919
"(1, 9, 8, 7, 1, 4, 1, 7, 1, 2)",wing,2.54,10.1,0.9166666666666666,2,0.3,0.0,0.0,0.0,true,4.883584124273478,769724.1603096527,22.22128958149309,1.0410765168196623,7,0.8666108713077463,8.22235685195095,28.956000000000014,5.0709308236716435,35.585479464362415
"(1, 9, 8, 8, 1, 4, 1, 7, 1, 1)",wing,2.54,10.1,0.9444444444444444,2,0.3,0.0,0.0,0.0,false,4.929633890034036,797615.3450408264,23.81804847255473,1.0529999158443137,7,0.8787877720438062,8.358551240475224,28.956000000000014,5.161550436269508,36.22140657031234
"(1, 9, 8, 8, 1, 4, 1, 7, 1, 2)",wing,2.54,10.1,0.9444444444444444,2,0.3,0.0,0.0,0.0,true,4.888815780933012,764882.4325003091,22.84576298486556,1.043546126186608,7,0.8679277813421316,8.198576274333197,28.956000000000014,5.055107949069949,35.474441747859295
"(1, 9, 8, 9, 1, 4, 1, 7, 1, 1)",wing,2.54,10.1,0.9722222222222222,2,0.3,0.0,0.0,0.0,false,4.939932259517509,791993.590736961,24.453376305965318,1.0566409084178747,7,0.8814240513075337,8.331446875430743,28.956000000000014,5.143516014391661,36.094849223801134
"(1, 9, 8, 9, 1, 4, 1, 7, 1, 2)",wing,2.54,10.1,0.9722222222222222,2,0.3,0.0,0.0,0.0,true,4.908974226795686,761559.588766186,23.519646825046685,1.0494728014314796,7,0.8731303811898925,8.182288040385043,28.956000000000014,5.044270252551915,35.39838773720643
"(1, 9, 8, 10, 1, 4, 1, 7, 1, 1)",wing,2.54,10.1,1.0,2,0.3,0.0,0.0,0.0,false,4.966899164585642,788165.2472128656,25.1501651813985,1.0641180103107768,7,0.8884270544759384,8.313027894878092,28.956000000000014,5.131260583751571,36.008846201765415
"(1, 9, 8, 10, 1, 4, 1, 7, 1, 2)",wing,2.54,10.1,1.0,2,0.3,0.0,0.0,0.0,true,4.944951488319418,759742.1410076183,24.249852751291264,1.0591361236358703,7,0.8824743256071836,8.173477426544038,28.956000000000014,5.038407937505956,35.357248684252326
"(1, 9, 8, 11, 1, 4, 1, 7, 1, 1)",wing,2.54,10.1,1.0277777777777777,2,0.3,0.0,0.0,0.0,false,5.0108704348203075,786051.1033997956,25.91351037420522,1.075554718142254,7,0.8999188281143734,8.30297305651438,28.956000000000014,5.1245703994706595,35.96189754014498
"(1, 9, 9, 1, 1, 4, 1, 7, 1, 1)",wing,2.54,10.666666666666666,0.75,2,0.3,0.0,0.0,0.0,false,5.301644107656199,941268.7537214442,20.951827583669147,1.1329739655184765,7,0.9785406185611962,9.257761303564871,28.956000000000014,5.759857521049,40.42005277929123
"(1, 9, 9, 1, 1, 4, 1, 7, 1, 2)",wing,2.54,10.666666666666666,0.75,2,0.3,0.0,0.0,0.0,true,5.086560463272128,859142.1080692634,19.034008368477036,1.0845172528609144,7,0.9204368020140177,8.873261596225605,28.956000000000014,5.504023085426375,38.624723406500884
"(1, 9, 9, 2, 1, 4, 1, 7, 1, 1)",wing,2.54,10.666666666666666,0.7777777777777778,2,0.3,0.0,0.0,0.0,false,5.200689221653038,912252.5989439856,21.15888289842131,1.1108303394656218,7,0.9511979681495827,9.123915036192603,28.956000000000014,5.670800276999747,39.795089663156126
"(1, 9, 9, 2, 1, 4, 1, 7, 1, 2)",wing,2.54,10.666666666666666,0.7777777777777778,2,0.3,0.0,0.0,0.0,true,5.0231938181040565,840603.748159167,19.43369934484759,1.0706803360368025,7,0.9035921533776108,8.783985088657133,28.956000000000014,5.444621206849687,38.207868118243425
"(1, 9, 9, 3, 1, 4, 1, 7, 1, 1)",wing,2.54,10.666666666666666,0.8055555555555556,2,0.3,0.0,0.0,0.0,false,5.118470105281468,888323.904240249,21.438539263963314,1.0928932515672924,7,0.9291196243069111,9.01192348680862,28.956000000000014,5.596284499004957,39.27217192284181
"(1, 9, 9, 3, 1, 4, 1, 7, 1, 2)",wing,2.54,10.666666666666666,0.8055555555555556,2,0.3,0.0,0.0,0.0,true,4.9707229293175565,824979.4853688452,19.864125271930995,1.05935040310151,7,0.8897207127487607,8.70796940175027,28.956000000000014,5.394042675872749,37.852931058756134
"(1, 9, 9, 4, 1, 4, 1, 7, 1, 1)",wing,2.54,10.666666666666666,0.8333333333333334,2,0.3,0.0,0.0,0.0,false,5.051224350313349,868320.6799196053,21.77388907000944,1.0783790352822247,7,0.9111879782159963,8.917141427911124,28.956000000000014,5.533219393668492,38.82960978012977
"(1, 9, 9, 4, 1, 4, 1, 7, 1, 2)",wing,2.54,10.666666666666666,0.8333333333333334,2,0.3,0.0,0.0,0.0,true,4.9276826108425045,811711.8830582651,20.320831108270283,1.0502458127564644,7,0.878392489798668,8.642851495053872,28.956000000000014,5.3507151970981015,37.54887857612703
"(1, 9, 9, 5, 1, 4, 1, 7, 1, 1)",wing,2.54,10.666666666666666,0.8611111111111112,2,0.3,0.0,0.0,0.0,false,4.997326950416797,851514.9959430513,22.15733756618517,1.066988198991237,7,0.8968942383134975,8.836673172000117,28.956000000000014,5.479678258412529,38.45388251517565
"(1, 9, 9, 5, 1, 4, 1, 7, 1, 2)",wing,2.54,10.666666666666666,0.8611111111111112,2,0.3,0.0,0.0,0.0,true,4.894016780545215,800472.1230387422,20.804177698315243,1.0434106549954392,7,0.8695586828602779,8.587278628470337,28.956000000000014,5.313738698320729,37.28939437418056
"(1, 9, 9, 6, 1, 4, 1, 7, 1, 1)",wing,2.54,10.666666666666666,0.8888888888888888,2,0.3,0.0,0.0,0.0,false,4.956223839084785,837423.7256168633,22.586204509102537,1.0586496555210785,7,0.8860342758681874,8.768609907067864,28.956000000000014,5.434391027659942,38.13607738708731
"(1, 9, 9, 6, 1, 4, 1, 7, 1, 2)",wing,2.54,10.666666666666666,0.8888888888888888,2,0.3,0.0,0.0,0.0,true,4.870249773508062,791049.8873350624,21.316740415691505,1.039004859469412,7,0.8633285087274553,8.54041335338866,28.956000000000014,5.282555966651598,37.07056818702876
"(1, 9, 9, 7, 1, 4, 1, 7, 1, 1)",wing,2.54,10.666666666666666,0.9166666666666666,2,0.3,0.0,0.0,0.0,false,4.928782647348373,825768.9368412856,23.062971994659577,1.053548331527205,7,0.8787907082909401,8.711916897497426,28.956000000000014,5.396669219735641,37.871362945513276
"(1, 9, 9, 7, 1, 4, 1, 7, 1, 2)",wing,2.54,10.666666666666666,0.9166666666666666,2,0.3,0.0,0.0,0.0,true,4.857920704770819,783350.0359428271,21.864175390568853,1.0373546261104651,7,0.860080228815748,8.501943931428679,28.956000000000014,5.256959580833868,36.89094442690434
"(1, 9, 9, 8, 1, 4, 1, 7, 1, 1)",wing,2.54,10.666666666666666,0.9444444444444444,2,0.3,0.0,0.0,0.0,false,4.916650231246929,816396.5923284526,23.59339035280682,1.0520088800640326,7,0.8755608353793359,8.666086638056083,28.956000000000014,5.366175156060662,37.65736951621518
"(1, 9, 9, 8, 1, 4, 1, 7, 1, 2)",wing,2.54,10.666666666666666,0.9444444444444444,2,0.3,0.0,0.0,0.0,true,4.8591366646851935,777352.6361816447,22.454455819772534,1.0389010687250153,7,0.8603468398563601,8.471902391987241,28.956000000000014,5.236970852256101,36.750672647411236
"(1, 9, 9, 9, 1, 4, 1, 7, 1, 1)",wing,2.54,10.666666666666666,0.9722222222222222,2,0.3,0.0,0.0,0.0,false,4.9215094542273174,809211.7661072621,24.18462303603407,1.0543935228838057,7,0.8767667273639127,8.630844929204592,28.956000000000014,5.342726392583601,37.49281679006036
"(1, 9, 9, 9, 1, 4, 1, 7, 1, 2)",wing,2.54,10.666666666666666,0.9722222222222222,2,0.3,0.0,0.0,0.0,true,4.875841681080709,773048.864933808,23.095684023760185,1.044028543397255,7,0.864632475097983,8.450348636072114,28.956000000000014,5.222629637230862,36.650032541970965
"(1, 9, 9, 10, 1, 4, 1, 7, 1, 1)",wing,2.54,10.666666666666666,1.0,2,0.3,0.0,0.0,0.0,false,4.9438095996608435,804060.8588874525,24.84038726764654,1.0607688799981512,7,0.8825303776757978,8.605575817423576,28.956000000000014,5.325913092526971,37.37482871948752
"(1, 9, 9, 10, 1, 4, 1, 7, 1, 2)",wing,2.54,10.666666666666666,1.0,2,0.3,0.0,0.0,0.0,true,4.908831279003629,770395.2086809911,23.794163901118395,1.0529860910114937,7,0.8731633913209124,8.437136570929782,28.956000000000014,5.213838730073903,36.5883419654309
"(1, 9, 9, 11, 1, 4, 1, 7, 1, 1)",wing,2.54,10.666666666666666,1.0277777777777777,2,0.3,0.0,0.0,0.0,false,4.983804104094578,800831.8118607053,25.565357459519227,1.0712635118944092,7,0.8929470851759984,8.589820390294054,28.956000000000014,5.315429909495266,37.3012625227738
"(1, 9, 10, 1, 1, 4, 1, 7, 1, 1)",wing,2.54,11.333333333333334,0.75,2,0.3,0.0,0.0,0.0,false,5.453837205685882,1.0104946548603682e6,21.787302088157354,1.1688363308315626,7,1.0204605887888754,9.845150116213949,28.956000000000014,6.150688209620954,43.162724278041786
"(1, 9, 10, 1, 1, 4, 1, 7, 1, 2)",wing,2.54,11.333333333333334,0.75,2,0.3,0.0,0.0,0.0,true,5.147622388063426,899304.9441606195,19.16356574251092,1.100144186244018,7,0.9369483192285636,9.32400078719979,28.956000000000014,5.803931263078459,40.729342197041824
"(1, 9, 10, 2, 1, 4, 1, 7, 1, 1)",wing,2.54,11.333333333333334,0.7777777777777778,2,0.3,0.0,0.0,0.0,false,5.31194178300359,969496.7893350532,21.73820727313744,1.1376341254611662,7,0.9815527949048777,9.656504961834607,28.956000000000014,6.0251694493140775,42.28189087237949
"(1, 9, 10, 2, 1, 4, 1, 7, 1, 2)",wing,2.54,11.333333333333334,0.7777777777777778,2,0.3,0.0,0.0,0.0,true,5.065046081872661,875141.566350989,19.462856588562122,1.0820624182226937,7,0.9148859551676167,9.206588254762943,28.956000000000014,5.7258085274881845,40.181112473601296
"(1, 9, 10, 3, 1, 4, 1, 7, 1, 1)",wing,2.54,11.333333333333334,0.8055555555555556,2,0.3,0.0,0.0,0.0,false,5.201290625656321,937116.4197878885,21.84291826530179,1.1133844105247204,7,0.9515619384507095,9.504675906370638,28.956000000000014,5.924147003849724,41.57296143052438
"(1, 9, 10, 3, 1, 4, 1, 7, 1, 2)",wing,2.54,11.333333333333334,0.8055555555555556,2,0.3,0.0,0.0,0.0,true,4.997642433014691,855108.3729966384,19.811818275233666,1.0674205752090358,7,0.8970056948497925,9.10800589899415,28.956000000000014,5.660214819953306,39.72080575405829
"(1, 9, 10, 4, 1, 4, 1, 7, 1, 1)",wing,2.54,11.333333333333334,0.8333333333333334,2,0.3,0.0,0.0,0.0,false,5.11227093300346,910595.1021518287,22.041985193254213,1.094016166211559,7,0.9276572262436934,9.378356875184746,28.956000000000014,5.840098154305804,40.98314494249687
"(1, 9, 10, 4, 1, 4, 1, 7, 1, 2)",wing,2.54,11.333333333333334,0.8333333333333334,2,0.3,0.0,0.0,0.0,true,4.942700428326554,838308.3159296929,20.200248309133386,1.0556636500019383,7,0.8825149717441081,9.024439630844626,28.956000000000014,5.604612361379108,39.33061306230954
"(1, 9, 10, 5, 1, 4, 1, 7, 1, 1)",wing,2.54,11.333333333333334,0.8611111111111112,2,0.3,0.0,0.0,0.0,false,5.041212099009496,888637.3236777755,22.315517794976,1.0787813948804907,7,0.9087158162521359,9.272386571073229,28.956000000000014,5.769588730169347,40.488341966100684
"(1, 9, 10, 5, 1, 4, 1, 7, 1, 2)",wing,2.54,11.333333333333334,0.8611111111111112,2,0.3,0.0,0.0,0.0,true,4.899330240835782,824187.4296946748,20.624730152102224,1.0466513975620588,7,0.8711253139241835,8.95356078469249,28.956000000000014,5.557451728336248,38.99966125148244
"(1, 9, 10, 6, 1, 4, 1, 7, 1, 1)",wing,2.54,11.333333333333334,0.8888888888888888,2,0.3,0.0,0.0,0.0,false,4.986243437192281,870393.0510883302,22.653083147718682,1.0673206978036585,7,0.8941432176502611,9.183361801084702,28.956000000000014,5.71035435013807,40.07266210623207
"(1, 9, 10, 6, 1, 4, 1, 7, 1, 2)",wing,2.54,11.333333333333334,0.8888888888888888,2,0.3,0.0,0.0,0.0,true,4.867494342590256,812382.118409872,21.08530648038373,1.040423463900795,7,0.8627848601691014,8.893861244635355,28.956000000000014,5.517729466274887,38.72090853526237
"(1, 9, 10, 7, 1, 4, 1, 7, 1, 1)",wing,2.54,11.333333333333334,0.9166666666666666,2,0.3,0.0,0.0,0.0,false,4.947399785653253,855344.233676548,23.052245615163375,1.0596386476243986,7,0.8838758639775293,9.109262480527649,28.956000000000014,5.661050911168203,39.7266730608295
"(1, 9, 10, 7, 1, 4, 1, 7, 1, 2)",wing,2.54,11.333333333333334,0.9166666666666666,2,0.3,0.0,0.0,0.0,true,4.8483721971985725,802692.5644614011,21.585927970143004,1.0372282707425486,7,0.8577674994622535,8.844574363167737,28.956000000000014,5.484935471212775,38.49077523658088
"(1, 9, 10, 8, 1, 4, 1, 7, 1, 1)",wing,2.54,11.333333333333334,0.9444444444444444,2,0.3,0.0,0.0,0.0,false,4.925779842881722,843172.635799598,23.515463351596097,1.055941446582876,7,0.8781480619832926,9.048905437614394,28.956000000000014,5.620891166661718,39.444850292362936
"(1, 9, 10, 8, 1, 4, 1, 7, 1, 2)",wing,2.54,11.333333333333334,0.9444444444444444,2,0.3,0.0,0.0,0.0,true,4.8438311703672206,795025.0154630234,22.133356641187255,1.0374551301161756,7,0.8565349686872739,8.805416370237335,28.956000000000014,5.458880931169589,38.30793635908484
"(1, 9, 10, 9, 1, 4, 1, 7, 1, 1)",wing,2.54,11.333333333333334,0.9722222222222222,2,0.3,0.0,0.0,0.0,false,4.922662516352423,833660.6570167475,24.04734699404706,1.0564902583328273,7,0.8772613332115962,9.00150493173852,28.956000000000014,5.589352308666486,39.22352497309815
"(1, 9, 10, 9, 1, 4, 1, 7, 1, 2)",wing,2.54,11.333333333333334,0.9722222222222222,2,0.3,0.0,0.0,0.0,true,4.855647430375311,789316.9854001437,22.734840880189495,1.0414589628098707,7,0.8595400284002455,8.7762190746098,28.956000000000014,5.4394539368026305,38.17160657405355
"(1, 9, 10, 10, 1, 4, 1, 7, 1, 1)",wing,2.54,11.333333333333334,1.0,2,0.3,0.0,0.0,0.0,false,4.938244822566149,826567.7572934764,24.650004289511998,1.0613077111173987,7,0.8812601785375289,8.96607550983381,28.956000000000014,5.565778646620941,39.05809576576099
"(1, 9, 10, 10, 1, 4, 1, 7, 1, 2)",wing,2.54,11.333333333333334,1.0,2,0.3,0.0,0.0,0.0,true,4.884450990178425,785473.6630455907,23.39563283580929,1.0494296543498087,7,0.8669600649868849,8.756604301734614,28.956000000000014,5.426402862243653,38.080020085920374
"(1, 9, 10, 11, 1, 4, 1, 7, 1, 1)",wing,2.54,11.333333333333334,1.0277777777777777,2,0.3,0.0,0.0,0.0,false,4.972545855535276,821705.7300608677,25.326425492817226,1.0704464010933559,7,0.890170387294822,8.941822246332324,28.956000000000014,5.549641261178316,38.94485095563731
"(1, 9, 10, 11, 1, 4, 1, 7, 1, 2)",wing,2.54,11.333333333333334,1.0277777777777777,2,0.3,0.0,0.0,0.0,true,4.930350351101944,783368.9589305411,24.118910562659202,1.0613364366698173,7,0.8788602584817331,8.745991442375866,28.956000000000014,5.4193413877286885,38.03046587879782
"(1, 9, 10, 12, 1, 4, 1, 7, 1, 1)",wing,2.54,11.333333333333334,1.0555555555555556,2,0.3,0.0,0.0,0.0,false,5.026901640610641,819005.0206068183,26.0841036444794,1.084158863679052,7,0.9043918048827,8.92849692172067,28.956000000000014,5.540774994607918,38.882631541108196
"(1, 9, 11, 1, 1, 4, 1, 7, 1, 1)",wing,2.54,12.0,0.75,2,0.3,0.0,0.0,0.0,false,5.712798206068108,1.1093560073098512e6,23.434070440819454,1.2281605208789634,7,1.0929648246078922,10.565818896544883,28.956000000000014,6.630199343615467,46.527714692038366
"(1, 9, 11, 1, 1, 4, 1, 7, 1, 2)",wing,2.54,12.0,0.75,2,0.3,0.0,0.0,0.0,true,5.255233758513092,950854.0448152826,19.575312437182134,1.125807946306833,7,0.9661269147099649,9.82946347719342,28.956000000000014,6.140250796109241,43.08947927094204
"(1, 9, 11, 2, 1, 4, 1, 7, 1, 1)",wing,2.54,12.0,0.7777777777777778,2,0.3,0.0,0.0,0.0,false,5.503683716014609,1.0486196448829346e6,22.92816188319192,1.1820421321432575,7,1.0344473754602528,10.290295016739018,28.956000000000014,6.446874116196001,45.24122186804211
"(1, 9, 11, 2, 1, 4, 1, 7, 1, 2)",wing,2.54,12.0,0.7777777777777778,2,0.3,0.0,0.0,0.0,true,5.145560423134306,918755.029305524,19.72995304758013,1.1017337041955824,7,0.9365583944086412,9.673080882538299,28.956000000000014,6.036198563867895,42.35928816749401
"(1, 9, 11, 3, 1, 4, 1, 7, 1, 1)",wing,2.54,12.0,0.8055555555555556,2,0.3,0.0,0.0,0.0,false,5.345135262883289,1.0020762589634254e6,22.7079502676871,1.1471597258811514,7,0.9907994887640126,10.073721094347563,28.956000000000014,6.302772401297407,44.22998176349058
"(1, 9, 11, 3, 1, 4, 1, 7, 1, 2)",wing,2.54,12.0,0.8055555555555556,2,0.3,0.0,0.0,0.0,true,5.057652100509083,892665.1498859039,19.967101647944638,1.082543498336422,7,0.9130779026327281,9.543948393194148,28.956000000000014,5.950277724654471,41.756334909855944
"(1, 9, 11, 4, 1, 4, 1, 7, 1, 1)",wing,2.54,12.0,0.8333333333333334,2,0.3,0.0,0.0,0.0,false,5.221455185826146,965220.2915642704,22.672256070573205,1.1200813202687057,7,0.957185998420753,9.898638114235297,28.956000000000014,6.186277500133213,43.41247368514536
"(1, 9, 11, 4, 1, 4, 1, 7, 1, 2)",wing,2.54,12.0,0.8333333333333334,2,0.3,0.0,0.0,0.0,true,4.986746734407212,871121.4232650828,20.265873014426603,1.0672320978551861,7,0.8942807575563538,9.435889058395148,28.956000000000014,5.878378322901051,41.25177770456879
"(1, 9, 11, 5, 1, 4, 1, 7, 1, 1)",wing,2.54,12.0,0.8611111111111112,2,0.3,0.0,0.0,0.0,false,5.12468749350094,935547.0211780438,22.77186887290032,1.0991040636650709,7,0.9311518493137323,9.755247562392432,28.956000000000014,6.090869778868115,42.74294581661836
"(1, 9, 11, 5, 1, 4, 1, 7, 1, 2)",wing,2.54,12.0,0.8611111111111112,2,0.3,0.0,0.0,0.0,true,4.930633086534528,853207.0283548898,20.61617937622526,1.0553693146675405,7,0.8794910560757313,9.345023995586926,28.956000000000014,5.817919467880794,40.82750503775996
"(1, 9, 11, 6, 1, 4, 1, 7, 1, 1)",wing,2.54,12.0,0.8888888888888888,2,0.3,0.0,0.0,0.0,false,5.050630073931355,911543.1357804318,22.982080379627504,1.083351918678265,7,0.9113799947117359,9.637607417644892,28.956000000000014,6.012595596954385,42.193653311960595
"(1, 9, 11, 6, 1, 4, 1, 7, 1, 2)",wing,2.54,12.0,0.8888888888888888,2,0.3,0.0,0.0,0.0,true,4.88839662470449,838315.8788691737,21.013680540081815,1.0468018636668937,7,0.8684022329363886,9.268789970901954,28.956000000000014,5.767195661572896,40.47154850226594
"(1, 9, 11, 7, 1, 4, 1, 7, 1, 1)",wing,2.54,12.0,0.9166666666666666,2,0.3,0.0,0.0,0.0,false,4.996471922844569,891890.800877097,23.27753048720168,1.0722124023309296,7,0.8969941398687686,9.540175547680056,28.956000000000014,5.947767387755991,41.73871851056836
"(1, 9, 11, 7, 1, 4, 1, 7, 1, 2)",wing,2.54,12.0,0.9166666666666666,2,0.3,0.0,0.0,0.0,true,4.860661649417173,826086.5766911726,21.45949985852692,1.041658062348792,7,0.8611268698179503,9.205715202881196,28.956000000000014,5.725227625263363,40.17703596676045
"(1, 9, 11, 8, 1, 4, 1, 7, 1, 1)",wing,2.54,12.0,0.9444444444444444,2,0.3,0.0,0.0,0.0,false,4.962374989172893,875991.9646698518,23.654477623414607,1.065688557967106,7,0.8879481771737753,9.460620311958909,28.956000000000014,5.894833748424021,41.367254374905414
"(1, 9, 11, 8, 1, 4, 1, 7, 1, 2)",wing,2.54,12.0,0.9444444444444444,2,0.3,0.0,0.0,0.0,true,4.848917684897505,816311.0080818953,21.958372897362906,1.0402384890821674,7,0.8580159763957697,9.15501629771247,28.956000000000014,5.691494112485728,39.94030956130336
"(1, 9, 11, 9, 1, 4, 1, 7, 1, 1)",wing,2.54,12.0,0.9722222222222222,2,0.3,0.0,0.0,0.0,false,4.948960699634939,863429.3421410768,24.113083310836053,1.063882961041289,7,0.8843472930766924,9.397321049704896,28.956000000000014,5.8527163404651255,41.07169361729913
"(1, 9, 11, 9, 1, 4, 1, 7, 1, 2)",wing,2.54,12.0,0.9722222222222222,2,0.3,0.0,0.0,0.0,true,4.854700979866498,808849.6797997882,22.516333057379192,1.0428628824800072,7,0.8594501548153936,9.116192463099233,28.956000000000014,5.6656619112450155,39.75903095610538
"(1, 9, 11, 10, 1, 4, 1, 7, 1, 1)",wing,2.54,12.0,1.0,2,0.3,0.0,0.0,0.0,false,4.956016073486701,853824.8439641866,24.652634407014936,1.066741205735398,7,0.8861108210538128,9.348709287720274,28.956000000000014,5.820371549416991,40.84471262748766
"(1, 9, 11, 10, 1, 4, 1, 7, 1, 2)",wing,2.54,12.0,1.0,2,0.3,0.0,0.0,0.0,true,4.878401608942758,803533.4214943589,23.137098544883287,1.0496357201626327,7,0.8655367307780679,9.088522727011712,28.956000000000014,5.647251308634251,39.629833744801765
"(1, 9, 11, 11, 1, 4, 1, 7, 1, 1)",wing,2.54,12.0,1.0277777777777777,2,0.3,0.0,0.0,0.0,false,4.983181086366363,846869.7605617882,25.273247328672795,1.0741866933441069,7,0.8931528681517157,9.313454174769541,28.956000000000014,5.796913867259112,40.68009731409903
"(1, 9, 11, 11, 1, 4, 1, 7, 1, 2)",wing,2.54,12.0,1.0277777777777777,2,0.3,0.0,0.0,0.0,true,4.9200221526974275,800195.1422099636,23.82338781343742,1.06053312097626,7,0.8763078994813784,9.071238971024664,28.956000000000014,5.635751221965828,39.54913138221634
"(1, 9, 11, 12, 1, 4, 1, 7, 1, 1)",wing,2.54,12.0,1.0555555555555556,2,0.3,0.0,0.0,0.0,false,5.031631057254248,842438.9524021678,25.981683321612394,1.0864943530649585,7,0.9058232074736942,9.291082314704289,28.956000000000014,5.782028310561999,40.57563726710175
"(1, 9, 12, 1, 1, 4, 1, 7, 1, 2)",wing,2.54,12.666666666666666,0.75,2,0.3,0.0,0.0,0.0,true,5.428062417464105,1.0196531570500253e6,20.41770844845474,1.1656779046204406,7,1.0134940778024164,10.417967705652051,28.956000000000014,6.531823648507786,45.83735893689675
"(1, 9, 12, 2, 1, 4, 1, 7, 1, 1)",wing,2.54,12.666666666666666,0.7777777777777778,2,0.3,0.0,0.0,0.0,false,5.815440872808067,1.1622242363102168e6,25.107076173224534,1.2529761276178908,7,1.1222783063350206,11.079180562612535,28.956000000000014,6.971774615590442,48.92473414449433
"(1, 9, 12, 2, 1, 4, 1, 7, 1, 2)",wing,2.54,12.666666666666666,0.7777777777777778,2,0.3,0.0,0.0,0.0,true,5.275510045427435,975088.2259926974,20.322103127418096,1.1321237382196376,7,0.9717777417337217,10.20197140391607,28.956000000000014,6.388106264862444,44.82881589377154
"(1, 9, 12, 3, 1, 4, 1, 7, 1, 1)",wing,2.54,12.666666666666666,0.8055555555555556,2,0.3,0.0,0.0,0.0,false,5.576648011449143,1.091857011264755e6,24.289633830002508,1.2002288005900417,7,1.0549291675374521,10.758234893822852,28.956000000000014,6.758227108341275,47.426155146254565
"(1, 9, 12, 3, 1, 4, 1, 7, 1, 2)",wing,2.54,12.666666666666666,0.8055555555555556,2,0.3,0.0,0.0,0.0,true,5.156524694380027,939879.3963887475,20.377357982228403,1.1060491966350015,7,0.9396464512983499,10.027810527467699,28.956000000000014,6.272224903490181,44.015613357825835
"(1, 9, 12, 4, 1, 4, 1, 7, 1, 1)",wing,2.54,12.666666666666666,0.8333333333333334,2,0.3,0.0,0.0,0.0,false,5.398976452620873,1.0388190014086777e6,23.861424375992446,1.1611127934755912,7,1.0057254631422585,10.509449946227981,28.956000000000014,6.592693154883211,46.26451336760148
"(1, 9, 12, 4, 1, 4, 1, 7, 1, 2)",wing,2.54,12.666666666666666,0.8333333333333334,2,0.3,0.0,0.0,0.0,true,5.063376333788194,911731.9778395982,20.5478443841259,1.0857899449529531,7,0.9147410182833202,9.886223058916686,28.956000000000014,6.178016899123553,43.35450455525301
"(1, 9, 12, 5, 1, 4, 1, 7, 1, 1)",wing,2.54,12.666666666666666,0.8611111111111112,2,0.3,0.0,0.0,0.0,false,5.263210152556574,997393.7720004176,23.680468691345567,1.1314256067109156,7,0.96865293555236,10.310707139157108,28.956000000000014,6.460455722941111,45.33653138906043
"(1, 9, 12, 5, 1, 4, 1, 7, 1, 2)",wing,2.54,12.666666666666666,0.8611111111111112,2,0.3,0.0,0.0,0.0,true,4.990182224616888,888723.4129659411,20.798688180266012,1.0701110274330696,7,0.8953212891503539,9.768867357151487,28.956000000000014,6.09993197693737,42.80654018903418
"(1, 9, 12, 6, 1, 4, 1, 7, 1, 1)",wing,2.54,12.666666666666666,0.8888888888888888,2,0.3,0.0,0.0,0.0,false,5.159069208811119,964329.6647655169,23.672811726303642,1.1089384614551938,7,0.9405229208297521,10.149127569839456,28.956000000000014,6.352945581488508,44.58207425605971
"(1, 9, 12, 6, 1, 4, 1, 7, 1, 2)",wing,2.54,12.666666666666666,0.8888888888888888,2,0.3,0.0,0.0,0.0,true,4.934298308616756,869767.3639752337,21.114852492243873,1.058481144511779,7,0.880577305160278,9.671062422592405,28.956000000000014,6.0348555418805505,42.34986345179334
"(1, 9, 12, 7, 1, 4, 1, 7, 1, 1)",wing,2.54,12.666666666666666,0.9166666666666666,2,0.3,0.0,0.0,0.0,false,5.081761659090504,937708.5838120291,23.80046231635805,1.092596660419904,7,0.9198042318419576,10.017054122396281,28.956000000000014,6.265067918014646,43.965388898348394
"(1, 9, 12, 7, 1, 4, 1, 7, 1, 2)",wing,2.54,12.666666666666666,0.9166666666666666,2,0.3,0.0,0.0,0.0,true,4.895470190459831,854247.1111451513,21.492565652828933,1.0508376183269867,7,0.8703628280484824,9.590230429238922,28.956000000000014,5.981072386769867,41.972437801893804
"(1, 9, 12, 8, 1, 4, 1, 7, 1, 1)",wing,2.54,12.666666666666666,0.9444444444444444,2,0.3,0.0,0.0,0.0,false,5.0296096744042424,916386.2095518145,24.046315279330138,1.0820026584598812,7,0.9058876598164293,9.909970129335905,28.956000000000014,6.193817479052295,43.46538581791084
"(1, 9, 12, 8, 1, 4, 1, 7, 1, 2)",wing,2.54,12.666666666666666,0.9444444444444444,2,0.3,0.0,0.0,0.0,true,4.874597712839663,841777.669464662,21.933189713094805,1.0473431211841746,7,0.864855631907203,9.524813093554748,28.956000000000014,5.937545677034483,41.66698720725953
"(1, 9, 12, 9, 1, 4, 1, 7, 1, 1)",wing,2.54,12.666666666666666,0.9722222222222222,2,0.3,0.0,0.0,0.0,false,5.002579227001773,899733.5964381238,24.408130267867783,1.0771084239821536,7,0.8986575950888198,9.825547402566421,28.956000000000014,6.137645158906062,43.0711940975864
"(1, 9, 12, 9, 1, 4, 1, 7, 1, 2)",wing,2.54,12.666666666666666,0.9722222222222222,2,0.3,0.0,0.0,0.0,true,4.872833392108222,832099.8480729309,22.44062724932846,1.048246288273807,7,0.8643221624636471,9.473785630561553,28.956000000000014,5.903593551852239,41.42872667966484
"(1, 9, 12, 10, 1, 4, 1, 7, 1, 1)",wing,2.54,12.666666666666666,1.0,2,0.3,0.0,0.0,0.0,false,4.9985426761567044,886809.42251632,24.867187021383522,1.0774272219881114,7,0.8974956912534765,9.759582602324064,28.956000000000014,6.093754182869319,42.76318724820575
"(1, 9, 12, 10, 1, 4, 1, 7, 1, 2)",wing,2.54,12.666666666666666,1.0,2,0.3,0.0,0.0,0.0,true,4.890236128256225,824940.6643930746,23.016480838101558,1.0535491151299547,7,0.8687724685726756,9.435948158300562,28.956000000000014,5.87841764618442,41.25205365743453
"(1, 9, 12, 11, 1, 4, 1, 7, 1, 1)",wing,2.54,12.666666666666666,1.0277777777777777,2,0.3,0.0,0.0,0.0,false,5.016583092139745,877125.6685812651,25.419245021724088,1.0827248816834838,7,0.9021494305602757,9.709958831263705,28.956000000000014,6.0607360316968615,42.53148092418851
"(1, 9, 12, 11, 1, 4, 1, 7, 1, 2)",wing,2.54,12.666666666666666,1.0277777777777777,2,0.3,0.0,0.0,0.0,true,4.926646512865629,820073.5189329052,23.662676475968205,1.063227934000633,7,0.8781890074293169,9.410262718008854,28.956000000000014,5.8613273337724285,41.132121640508274
"(1, 9, 12, 12, 1, 4, 1, 7, 1, 1)",wing,2.54,12.666666666666666,1.0555555555555556,2,0.3,0.0,0.0,0.0,false,5.05760397953829,870466.2825994663,26.06951779950051,1.0932847187680477,7,0.9128854309109536,9.675830075313486,28.956000000000014,6.0380277933019695,42.37212486527698
"(1, 9, 12, 13, 1, 4, 1, 7, 1, 1)",wing,2.54,12.666666666666666,1.0833333333333333,2,0.3,0.0,0.0,0.0,false,5.127298845539212,867059.7388634825,26.842653487229565,1.110424441722286,7,0.9312876210803931,9.658579052050156,28.956000000000014,6.026549485994462,42.291575340312015
"(1, 9, 13, 1, 1, 4, 1, 7, 1, 2)",wing,2.54,13.333333333333334,0.75,2,0.3,0.0,0.0,0.0,true,5.690510002319633,1.1133161166575286e6,21.893482088206124,1.225347788661021,7,1.0867656244381192,11.12366340032529,28.956000000000014,7.001372145741729,49.13243611046828
"(1, 9, 13, 2, 1, 4, 1, 7, 1, 2)",wing,2.54,13.333333333333334,0.7777777777777778,2,0.3,0.0,0.0,0.0,true,5.473217844698643,1.0499146696734233e6,21.39200581614199,1.1774264078549552,7,1.0260971510141665,10.820845679038328,28.956000000000014,6.799886424574139,47.71850122508168
"(1, 9, 13, 3, 1, 4, 1, 7, 1, 1)",wing,2.54,13.333333333333334,0.8055555555555556,2,0.3,0.0,0.0,0.0,false,5.952794222210025,1.224189062533259e6,27.16547044177672,1.2854525489179123,7,1.1618319156326649,11.633312656530663,28.956000000000014,7.340477292866706,51.512121353450574
"(1, 9, 13, 3, 1, 4, 1, 7, 1, 2)",wing,2.54,13.333333333333334,0.8055555555555556,2,0.3,0.0,0.0,0.0,true,5.309352532191727,1.0015185904557175e6,21.171028329331783,1.1413708958433575,7,0.9811180740655472,10.583502270276995,28.956000000000014,6.641965323802981,46.61028297405601
"(1, 9, 13, 4, 1, 4, 1, 7, 1, 1)",wing,2.54,13.333333333333334,0.8333333333333334,2,0.3,0.0,0.0,0.0,false,5.6759695806335655,1.1414590847231187e6,25.927769595947055,1.2242459580024285,7,1.0829457435348901,11.255361100031834,28.956000000000014,7.088999798075656,49.747367004039695
"(1, 9, 13, 4, 1, 4, 1, 7, 1, 2)",wing,2.54,13.333333333333334,0.8333333333333334,2,0.3,0.0,0.0,0.0,true,5.1825250450399585,963429.2803313547,21.132571428738558,1.1136101639485672,7,0.9467662505803924,10.392652346441448,28.956000000000014,6.514979576815127,45.71915492501844
"(1, 9, 13, 5, 1, 4, 1, 7, 1, 1)",wing,2.54,13.333333333333334,0.8611111111111112,2,0.3,0.0,0.0,0.0,false,5.475826411290177,1.0805869169507748e6,25.237756268206216,1.1801886561015837,7,1.0270692949723979,10.968472331075331,28.956000000000014,6.8981127183419515,48.407808549768085
"(1, 9, 13, 5, 1, 4, 1, 7, 1, 2)",wing,2.54,13.333333333333334,0.8611111111111112,2,0.3,0.0,0.0,0.0,true,5.083812056882798,932857.8853348817,21.22398872923099,1.0922292167397851,7,0.9203067689908947,10.23674271529413,28.956000000000014,6.41124204013734,44.99117221149011
"(1, 9, 13, 6, 1, 4, 1, 7, 1, 1)",wing,2.54,13.333333333333334,0.8888888888888888,2,0.3,0.0,0.0,0.0,false,5.326599538285709,1.0338361709277552e6,24.881612948978635,1.1475871103762718,7,0.9860456255512032,10.742645616673888,28.956000000000014,6.7478544764639485,47.353364747115435
"(1, 9, 13, 6, 1, 4, 1, 7, 1, 2)",wing,2.54,13.333333333333334,0.8888888888888888,2,0.3,0.0,0.0,0.0,true,5.008241376327645,908058.8571651273,21.416188497520356,1.076182308594472,7,0.9002094763179186,10.108414756494374,28.956000000000014,6.3258565111305,44.391975516705266
"(1, 9, 13, 7, 1, 4, 1, 7, 1, 1)",wing,2.54,13.333333333333334,0.9166666666666666,2,0.3,0.0,0.0,0.0,false,5.216134170260115,997134.3680733572,24.757184924264806,1.1237767591186105,7,0.9560229506288083,10.561807412005782,28.956000000000014,6.627530223552485,46.508984024929724
"(1, 9, 13, 7, 1, 4, 1, 7, 1, 2)",wing,2.54,13.333333333333334,0.9166666666666666,2,0.3,0.0,0.0,0.0,true,4.954840580092068,888194.8490366541,21.70428904793597,1.0652534748721714,7,0.8860790695521298,10.004399795261758,28.956000000000014,6.256648112800625,43.906302545969304
"(1, 9, 13, 8, 1, 4, 1, 7, 1, 1)",wing,2.54,13.333333333333334,0.9444444444444444,2,0.3,0.0,0.0,0.0,false,5.138588714804343,968105.3217026397,24.811609134235514,1.107450326310215,7,0.9351070569356991,10.416468544794954,28.956000000000014,6.530826152373296,45.830358964023134
"(1, 9, 13, 8, 1, 4, 1, 7, 1, 2)",wing,2.54,13.333333333333334,0.9444444444444444,2,0.3,0.0,0.0,0.0,true,4.922208395520809,872230.3938766936,22.07109474393671,1.0591003704320971,7,0.8774506032090787,9.920020003989894,28.956000000000014,6.200504360631407,43.512311302676544
"(1, 9, 13, 9, 1, 4, 1, 7, 1, 1)",wing,2.54,13.333333333333334,0.9722222222222222,2,0.3,0.0,0.0,0.0,false,5.090916053898037,945226.4923887795,25.01544450813071,1.097892727144235,7,0.9222847978024682,10.30046123610699,28.956000000000014,6.453638410016715,45.288690596608525
"(1, 9, 13, 9, 1, 4, 1, 7, 1, 2)",wing,2.54,13.333333333333334,0.9722222222222222,2,0.3,0.0,0.0,0.0,true,4.9108615357028516,859713.0261364426,22.516579499106754,1.0578262730345256,7,0.8744014175191646,9.853399672904686,28.956000000000014,6.15617721426732,43.20124360889348
"(1, 9, 13, 10, 1, 4, 1, 7, 1, 1)",wing,2.54,13.333333333333334,1.0,2,0.3,0.0,0.0,0.0,false,5.070548926014691,927380.7299606125,25.348625922595065,1.0944927094618628,7,0.9167594810480494,10.209096050057786,28.956000000000014,6.392846788170744,44.86208272400523
"(1, 9, 13, 10, 1, 4, 1, 7, 1, 2)",wing,2.54,13.333333333333334,1.0,2,0.3,0.0,0.0,0.0,true,4.920377298783395,850219.2067268213,23.039169131854987,1.0612974311241836,7,0.8767988207459748,9.802649599729865,28.956000000000014,6.122409655851389,42.96427828667642
"(1, 9, 13, 11, 1, 4, 1, 7, 1, 1)",wing,2.54,13.333333333333334,1.0277777777777777,2,0.3,0.0,0.0,0.0,false,5.075530437942447,913750.7878147111,25.79820114656129,1.0967839941269035,7,0.9179641694415432,10.138840715598297,28.956000000000014,6.346101020884469,44.53404225182084
"(1, 9, 13, 11, 1, 4, 1, 7, 1, 2)",wing,2.54,13.333333333333334,1.0277777777777777,2,0.3,0.0,0.0,0.0,true,4.950348944166948,843435.4822369076,23.6394451724071,1.0694822735565102,7,0.8845492167344382,9.76634182119694,28.956000000000014,6.098251561963724,42.794747803254204
"(1, 9, 13, 12, 1, 4, 1, 7, 1, 1)",wing,2.54,13.333333333333334,1.0555555555555556,2,0.3,0.0,0.0,0.0,false,5.106630214322598,904067.6843650261,26.370930788908353,1.105010662585611,7,0.9261093824800675,10.08876640788814,28.956000000000014,6.312783096299113,44.30023225473062
"(1, 9, 13, 12, 1, 4, 1, 7, 1, 2)",wing,2.54,13.333333333333334,1.0555555555555556,2,0.3,0.0,0.0,0.0,true,5.001801005218911,839195.2248729527,24.322578615592313,1.0825394160048774,7,0.8979670242256325,9.743751915429836,28.956000000000014,6.083220924274327,42.68926964403037
"(1, 9, 13, 13, 1, 4, 1, 7, 1, 1)",wing,2.54,13.333333333333334,1.0833333333333333,2,0.3,0.0,0.0,0.0,false,5.168573681062382,898301.9596868304,27.083207681057964,1.1203125932800737,7,0.9425148148762224,10.059059784668568,28.956000000000014,6.293017210810604,44.16152428639021
"(1, 9, 14, 2, 1, 4, 1, 7, 1, 2)",wing,2.54,14.0,0.7777777777777778,2,0.3,0.0,0.0,0.0,true,5.7670274289511605,1.1519455370800023e6,23.19017357931179,1.2438805218954039,7,1.10854552325353,11.5683856868271,28.956000000000014,7.297276857772116,51.20896040541836
"(1, 9, 14, 3, 1, 4, 1, 7, 1, 2)",wing,2.54,14.0,0.8055555555555556,2,0.3,0.0,0.0,0.0,true,5.532039894993062,1.0827185776031008e6,22.48814644499937,1.1920634546179374,7,1.042536872774617,11.23499388668077,28.956000000000014,7.075448072460746,49.65226717516313
"(1, 9, 14, 4, 1, 4, 1, 7, 1, 2)",wing,2.54,14.0,0.8333333333333334,2,0.3,0.0,0.0,0.0,true,5.35631960099308,1.0301789471559463e6,22.127034623892218,1.1534448418249135,7,0.994063625562994,10.974807795343933,28.956000000000014,6.902328143983706,48.437390484096184
"(1, 9, 14, 5, 1, 4, 1, 7, 1, 1)",wing,2.54,14.0,0.8611111111111112,2,0.3,0.0,0.0,0.0,false,5.807418235811799,1.1992873826709026e6,27.92738106668503,1.2552115270792046,7,1.1203328703947222,11.790679395977172,28.956000000000014,7.445184345183253,52.24690768549652
"(1, 9, 14, 5, 1, 4, 1, 7, 1, 2)",wing,2.54,14.0,0.8611111111111112,2,0.3,0.0,0.0,0.0,true,5.222264136209096,989097.9443747977,21.98876793788611,1.124192928624766,7,0.9575982476864046,10.76673287361695,28.956000000000014,6.763881406180927,47.46583442933984
"(1, 9, 14, 6, 1, 4, 1, 7, 1, 1)",wing,2.54,14.0,0.8888888888888888,2,0.3,0.0,0.0,0.0,false,5.579204299915085,1.128528978377899e6,26.890985372410196,1.2049644194307203,7,1.0559464908691731,11.456795193249116,28.956000000000014,7.223027930138516,50.68791529921766
"(1, 9, 14, 6, 1, 4, 1, 7, 1, 2)",wing,2.54,14.0,0.8888888888888888,2,0.3,0.0,0.0,0.0,true,5.120111534667671,956373.5281679287,22.009514000636223,1.1022098625056373,7,0.9301071221306664,10.597906265991536,28.956000000000014,6.651549305387365,46.6775389851745
"(1, 9, 14, 7, 1, 4, 1, 7, 1, 1)",wing,2.54,14.0,0.9166666666666666,2,0.3,0.0,0.0,0.0,false,5.415247953974702,1.0754959553351495e6,26.31987306753802,1.1691749278684818,7,1.0104641535468246,11.19969069310845,28.956000000000014,7.0519583989165175,49.48742736081767
"(1, 9, 14, 7, 1, 4, 1, 7, 1, 2)",wing,2.54,14.0,0.9166666666666666,2,0.3,0.0,0.0,0.0,true,5.04519706351952,930118.7580217326,22.15559720097551,1.086463417654544,7,0.9100989955248407,10.460405814785,28.956000000000014,6.5600606783199815,46.03551353207005
"(1, 9, 14, 8, 1, 4, 1, 7, 1, 1)",wing,2.54,14.0,0.9444444444444444,2,0.3,0.0,0.0,0.0,false,5.299274991317839,1.0347198682020204e6,26.061151574288424,1.1442186923346427,7,0.9786725454910253,10.997739055334733,28.956000000000014,6.917585908413382,48.54446251518163
"(1, 9, 14, 8, 1, 4, 1, 7, 1, 2)",wing,2.54,14.0,0.9444444444444444,2,0.3,0.0,0.0,0.0,true,4.995666280862629,909137.2054962084,22.409930010039872,1.076507830684392,7,0.8969213413906385,10.349186106798987,28.956000000000014,6.486058460165863,45.5161997204622
"(1, 9, 14, 9, 1, 4, 1, 7, 1, 1)",wing,2.54,14.0,0.9722222222222222,2,0.3,0.0,0.0,0.0,false,5.2229225074389936,1.0030784037399881e6,26.03568981022243,1.1282155903477824,7,0.9578890439943863,10.838359257565303,28.956000000000014,6.8115394281854735,47.80027668902087
"(1, 9, 14, 9, 1, 4, 1, 7, 1, 2)",wing,2.54,14.0,0.9722222222222222,2,0.3,0.0,0.0,0.0,true,4.97085227659782,892624.5326415501,22.764338573041833,1.072180424328399,7,0.8902957040879654,10.260834346966382,28.956000000000014,6.427271880666347,45.103662320465595
"(1, 9, 14, 10, 1, 4, 1, 7, 1, 1)",wing,2.54,14.0,1.0,2,0.3,0.0,0.0,0.0,false,5.180562970834671,978508.4283750646,26.194925278972235,1.1198393354641187,7,0.9463657123853413,10.712963001324662,28.956000000000014,6.728104565083724,47.21476887778052
"(1, 9, 14, 10, 1, 4, 1, 7, 1, 2)",wing,2.54,14.0,1.0,2,0.3,0.0,0.0,0.0,true,4.9703471474178045,880135.4735300837,23.22055525264672,1.0733500223641665,7,0.8900635856417578,10.193573815553396,28.956000000000014,6.38251876443436,44.78960536445165
"(1, 9, 14, 11, 1, 4, 1, 7, 1, 1)",wing,2.54,14.0,1.0277777777777777,2,0.3,0.0,0.0,0.0,false,5.168439297508991,959623.8197711431,26.509514119256256,1.1182394244984557,7,0.9429794434339445,10.615633499387961,28.956000000000014,6.663344468464365,46.760312059399055
"(1, 9, 14, 11, 1, 4, 1, 7, 1, 2)",wing,2.54,14.0,1.0277777777777777,2,0.3,0.0,0.0,0.0,true,4.99219685272434,870908.3243888642,23.764982825375583,1.079639599964485,7,0.8957054969458279,10.143702162908292,28.956000000000014,6.34933568037867,44.55674161669242
"(1, 9, 14, 12, 1, 4, 1, 7, 1, 1)",wing,2.54,14.0,1.0555555555555556,2,0.3,0.0,0.0,0.0,false,5.1854156751909715,945591.6234984837,26.967415178927673,1.1231741998577494,7,0.9473912394226325,10.542844319759999,28.956000000000014,6.61491275750568,46.42044040354863
"(1, 9, 14, 12, 1, 4, 1, 7, 1, 2)",wing,2.54,14.0,1.0555555555555556,2,0.3,0.0,0.0,0.0,true,5.037089233722364,864674.1873289805,24.400788639636836,1.0911523743038936,7,0.9074373265406599,10.110027098613205,28.956000000000014,6.326929314641471,44.39950396239629
"(1, 9, 14, 13, 1, 4, 1, 7, 1, 1)",wing,2.54,14.0,1.0833333333333333,2,0.3,0.0,0.0,0.0,false,5.236001253835803,936327.6070128364,27.585768418831055,1.13583628983187,7,0.9608456240974111,10.49471489616885,28.956000000000014,6.582888899785498,46.1957115774421
"(1, 9, 14, 14, 1, 4, 1, 7, 1, 1)",wing,2.54,14.0,1.1111111111111112,2,0.3,0.0,0.0,0.0,false,5.326582794329301,931990.063467855,28.392815399809663,1.1577776084499956,7,0.985197569141153,10.472459965597784,28.956000000000014,6.568081144424985,46.09179750473674
"(1, 9, 15, 4, 1, 4, 1, 7, 1, 2)",wing,2.54,14.666666666666666,0.8333333333333334,2,0.3,0.0,0.0,0.0,true,5.605693266470607,1.1184882985459166e6,23.725898926994283,1.2098551716377604,7,1.0631995188912664,11.662945079070566,28.956000000000014,7.360193807474967,51.650482859473456
"(1, 9, 15, 5, 1, 4, 1, 7, 1, 2)",wing,2.54,14.666666666666666,0.8611111111111112,2,0.3,0.0,0.0,0.0,true,5.417768200692291,1.0614274419029395e6,23.20667382933493,1.1686133396649458,7,1.011034018653159,11.378184026397415,28.956000000000014,7.170722445579603,50.32085926722529
"(1, 9, 15, 6, 1, 4, 1, 7, 1, 2)",wing,2.54,14.666666666666666,0.8888888888888888,2,0.3,0.0,0.0,0.0,true,5.276969234706271,1.0171840663489634e6,22.959979605295466,1.1379970797555643,7,0.9725171437120234,11.152119844789405,28.956000000000014,7.020306200229526,49.26530666827738
"(1, 9, 15, 7, 1, 4, 1, 7, 1, 2)",wing,2.54,14.666666666666666,0.9166666666666666,2,0.3,0.0,0.0,0.0,true,5.17325581737043,982326.0008212313,22.909736596000197,1.1158011431794324,7,0.9444485920429595,10.970578778349953,28.956000000000014,6.8995142844274,48.41764410124492
"(1, 9, 15, 8, 1, 4, 1, 7, 1, 2)",wing,2.54,14.666666666666666,0.9444444444444444,2,0.3,0.0,0.0,0.0,true,5.101688878368685,954755.2874958569,23.015185800241095,1.1009029243257509,7,0.9252124495447049,10.824766582055767,28.956000000000014,6.8024952744417755,47.73680894345106
"(1, 9, 15, 9, 1, 4, 1, 7, 1, 1)",wing,2.54,14.666666666666666,0.9722222222222222,2,0.3,0.0,0.0,0.0,false,5.4138367527371045,1.0783792402264557e6,27.645635630663115,1.171435516022867,7,1.0101033050437147,11.463904488586458,28.956000000000014,7.227758239487486,50.72111045254377
"(1, 9, 15, 9, 1, 4, 1, 7, 1, 2)",wing,2.54,14.666666666666666,0.9722222222222222,2,0.3,0.0,0.0,0.0,true,5.0596584789898955,933092.1703793441,23.253469601976995,1.092693132135664,7,0.9139329193573327,10.708803125581957,28.956000000000014,6.725336710017565,47.1953453334566
"(1, 9, 15, 10, 1, 4, 1, 7, 1, 1)",wing,2.54,14.666666666666666,1.0,2,0.3,0.0,0.0,0.0,false,5.338394746181917,1.0436178663687798e6,27.521428383359,1.155621118806527,7,0.9893179427644577,11.288318553803004,28.956000000000014,7.110928687549857,49.9012539477183
"(1, 9, 15, 10, 1, 4, 1, 7, 1, 2)",wing,2.54,14.666666666666666,1.0,2,0.3,0.0,0.0,0.0,true,5.044759713258743,916299.6605645164,23.60857632292364,1.0906233362557156,7,0.9098721355867412,10.618091107431244,28.956000000000014,6.66497968626748,46.77178727205249
"(1, 9, 15, 11, 1, 4, 1, 7, 1, 1)",wing,2.54,14.666666666666666,1.0277777777777777,2,0.3,0.0,0.0,0.0,false,5.301413833284883,1.0170348120725671e6,27.62596740480534,1.1483783484678698,7,0.979103180761288,11.152192866208397,28.956000000000014,7.020354786465511,49.26564762431938
"(1, 9, 15, 11, 1, 4, 1, 7, 1, 2)",wing,2.54,14.666666666666666,1.0277777777777777,2,0.3,0.0,0.0,0.0,true,5.055084879566232,903605.0974194144,24.07000927297259,1.0942541562549342,7,0.9124890781200956,10.549092357849867,28.956000000000014,6.619070012421507,46.44961412225619
"(1, 9, 15, 12, 1, 4, 1, 7, 1, 1)",wing,2.54,14.666666666666666,1.0555555555555556,2,0.3,0.0,0.0,0.0,false,5.299369968319475,997063.1109871406,27.924254259683458,1.1489311892529543,7,0.97838676978501,11.048905921623012,28.956000000000014,6.951630788317257,48.783373953103556
"(1, 9, 15, 12, 1, 4, 1, 7, 1, 2)",wing,2.54,14.666666666666666,1.0555555555555556,2,0.3,0.0,0.0,0.0,true,5.090808537873343,894578.1878115193,24.637568908549838,1.1036528608605305,7,0.9218456957735145,10.49989873474867,28.956000000000014,6.586338068646003,46.21991627120003
"(1, 9, 15, 13, 1, 4, 1, 7, 1, 1)",wing,2.54,14.666666666666666,1.0833333333333333,2,0.3,0.0,0.0,0.0,false,5.335333049281584,983205.4402844054,28.421284919005807,1.158192848742691,7,0.9879883373167444,10.976847580549174,28.956000000000014,6.903685355151395,48.44691477299225
"(1, 9, 15, 13, 1, 4, 1, 7, 1, 2)",wing,2.54,14.666666666666666,1.0833333333333333,2,0.3,0.0,0.0,0.0,true,5.157968900296676,889492.8415255074,25.33903194009652,1.1202428712310086,7,0.9396194601602932,10.47234092375656,28.956000000000014,6.568001937596778,46.09124166734581
"(1, 9, 15, 14, 1, 4, 1, 7, 1, 1)",wing,2.54,14.666666666666666,1.1111111111111112,2,0.3,0.0,0.0,0.0,false,5.414649276292788,975334.4302362724,29.136997057901972,1.177479550361386,7,1.0094647633382048,10.936019197842505,28.956000000000014,6.8765193884477345,48.25627641015954
"(1, 9, 15, 15, 1, 4, 1, 7, 1, 1)",wing,2.54,14.666666666666666,1.1388888888888888,2,0.3,0.0,0.0,0.0,false,5.542109365203966,973428.1853676199,30.096683077728194,1.208134965947026,7,1.0443901495020247,10.926681644079672,28.956000000000014,6.870306463570519,48.21267693733698
"(1, 9, 16, 8, 1, 4, 1, 7, 1, 2)",wing,2.54,15.333333333333334,0.9444444444444444,2,0.3,0.0,0.0,0.0,true,5.246850083705545,1.0113112483707982e6,23.95060964099799,1.1338129809497515,7,0.9643723309343433,11.358423604142578,28.956000000000014,7.157574460343893,50.228592704167674
"(1, 9, 16, 9, 1, 4, 1, 7, 1, 2)",wing,2.54,15.333333333333334,0.9722222222222222,2,0.3,0.0,0.0,0.0,true,5.181088074345428,982527.9379852607,24.020015146960056,1.1202779304366415,7,0.9465386791776995,11.205055064427496,28.956000000000014,7.055527688782497,49.512475008999985
"(1, 9, 16, 10, 1, 4, 1, 7, 1, 2)",wing,2.54,15.333333333333334,1.0,2,0.3,0.0,0.0,0.0,true,5.1478572134811555,960211.1457893085,24.245367286823033,1.1140641482691445,7,0.9375060174994954,11.084703190203568,28.956000000000014,6.975449204376693,48.95052073246802
"(1, 9, 16, 11, 1, 4, 1, 7, 1, 2)",wing,2.54,15.333333333333334,1.0277777777777777,2,0.3,0.0,0.0,0.0,true,5.143819346880386,943152.2043594347,24.604592680615788,1.1143889443446013,7,0.936293562849578,10.991893212629696,28.956000000000014,6.913696262099912,48.51716675157834
"(1, 9, 16, 12, 1, 4, 1, 7, 1, 2)",wing,2.54,15.333333333333334,1.0555555555555556,2,0.3,0.0,0.0,0.0,true,5.168326199139061,930668.5445378168,25.09148523017396,1.121204036394637,7,0.9427129019971441,10.923607593653102,28.956000000000014,6.86826108371471,48.1983233944892
"(1, 9, 16, 13, 1, 4, 1, 7, 1, 2)",wing,2.54,15.333333333333334,1.0833333333333333,2,0.3,0.0,0.0,0.0,true,5.226189063993375,922702.7729972833,25.722963514383366,1.1356305720205506,7,0.9581043450890603,10.880039513580924,28.956000000000014,6.839272205534387,47.99489267041675
"(1, 9, 16, 14, 1, 4, 1, 7, 1, 2)",wing,2.54,15.333333333333334,1.1111111111111112,2,0.3,0.0,0.0,0.0,true,5.324539537531278,919527.2806998342,26.53030685608328,1.159503219434827,7,0.984542115735255,10.863037673368062,28.956000000000014,6.827959697065908,47.91550664607655
